frame_index,file_name,mjd_utc,weather,background_rms,shift_x,shift_y,registration_stars,target_flux,target_snr,comp_1_flux,comp_1_snr,comp_2_flux,comp_2_snr,comp_3_flux,comp_3_snr,comp_4_flux,comp_4_snr,comp_5_flux,comp_5_snr,comp_6_flux,comp_6_snr,comp_7_flux,comp_7_snr,comp_8_flux,comp_8_snr,comp_9_flux,comp_9_snr,comp_10_flux,comp_10_snr,bjd_tdb,ensemble_flux,differential_flux,reject_registration,reject_target_flux,reject_target_snr,reject_nonfinite_flux,reject_comparison_ensemble,reject_background,accepted,rejection_reason,hours_from_expected_mid,detrended_flux,transit_model
0,TRES-3260810060640.fits,61262.25534722222,0.0,5.584103584289551,-45.45381339879509,-12.01139414059665,0,6.0,0.1430810969620695,4.0,0.11012094032270942,34.0,1.1033493610575609,7.5,0.20647676310508015,90.5,2.543944370037089,23.0,0.5430736869797016,34.5,0.7171019668813948,40.0,0.847887981997449,45.75,1.1020697230733654,-2.0,-0.06558972593097467,17.0,0.4587454747157728,2461262.7579711163,0.004907504166932218,1.6002845589575077,True,False,True,False,True,True,False,registration;target_snr;comparison_ensemble;background,-1.6115391254425049,1.2119967086276149,0.9258993391826753
1,TRES-3260810060916.fits,61262.256347222225,0.0,2.715162992477417,-45.45381339879509,-12.01139414059665,1,39.0,1.8600542605069037,9.5,0.457690158216261,28.0,1.3629609754240457,-31.5,-1.5176042088223392,22.0,1.082230477861082,16.0,1.0074410425130695,32.5,1.5199443863246955,30.0,1.4308109696206952,-12.0,-0.5781349366942244,11.5,0.5657113861546564,1.5,0.07083569830170021,2461262.758971079,0.0025939469231852624,19.679323413512392,True,False,True,False,True,True,False,registration;target_snr;comparison_ensemble;background,-1.5875400267541409,14.93433501368502,0.9219436669994655
2,TRES-3260810061215.fits,61262.25934722222,0.0,3.503352642059326,-43.49970645290887,-9.366037796101082,0,32.0,1.0074410425130695,18.5,0.7280459578338189,-17.5,-0.8264164801865025,2.5,0.09735435538743185,10.5,0.39667991048952117,-35.5,-1.3281975560498878,21.0,0.7933598209790423,26.5,1.02137172149313,21.0,0.7856943289309195,-13.0,-0.49112750822512147,32.5,1.2159555090597565,2461262.761970966,0.0027222607854840613,15.386041255587832,True,False,True,False,True,True,False,registration;target_snr;comparison_ensemble;background,-1.5155427306890488,11.747018789759311,0.910076650449836
3,TRES-3260810061516.fits,61262.26134722222,0.0,3.347867727279663,-43.49970645290887,-9.366037796101082,0,52.5,2.4792494405595074,18.5,0.7280459578338189,4.0,0.15111615637696046,-4.5,-0.21904729962172165,-68.0,-3.2112183230104097,33.5,1.2533695247231336,-10.0,-0.37779039094240113,-18.5,-0.8912913607369294,-4.0,-0.14965606265350848,-24.5,-1.1569830722611034,-3.5,-0.13094905482181993,2461262.7639708905,-0.0009559384138925234,-71.88462822317015,True,False,True,False,True,True,False,registration;target_snr;comparison_ensemble;background,-1.4675445444881916,-55.10559392650088,0.902165307925489
4,TRES-3260810061816.fits,61262.26334722222,0.0,2.4620680809020996,-43.49970645290887,-9.366037796101082,0,-10.5,-0.661133184149202,39.0,2.557999311308012,-3.5,-0.220377728049734,-36.5,-2.368955981094175,18.0,1.1333711728272033,4.5,0.2806051174753284,-30.0,-1.4167139660340042,-53.0,-2.5534293037328246,-2.0,-0.1247133855445904,-46.5,-2.1959066473527065,15.5,0.9665287379705755,2461262.7659708154,-0.00044340482807289346,30.995277063430727,True,True,True,False,True,True,False,registration;target_flux;target_snr;comparison_ensemble;background,-1.4195463471114635,23.857295950662554,0.9000000037843464
5,TRES-3260810062117.fits,61262.26534722222,0.0,2.3899285793304443,-43.49970645290887,-9.366037796101082,0,15.0,0.9444759773560027,12.5,0.8198715741371834,18.0,0.8500283796204026,4.5,0.29206306616229555,19.5,1.2278187705628036,-2.5,-0.1169187989480535,1.0,0.06296506515706685,-4.5,-0.2890674683471122,8.0,0.4988535421783616,12.0,0.7555807818848023,7.5,0.46767519579221395,2461262.7679707403,0.001988114901689594,9.87543920963404,True,False,True,False,True,True,False,registration;target_snr;comparison_ensemble;background,-1.3715481497347355,7.632298804190027,0.9000000037843464
6,TRES-3260810062416.fits,61262.26734722222,0.0,2.245220422744751,-43.49970645290887,-9.366037796101082,0,13.5,0.8500283796204026,17.0,1.1150253408265693,-10.5,-0.661133184149202,-0.5,-0.04867717769371592,6.0,0.37779039094240113,45.5,2.8372295211394314,-29.0,-1.8259868895549387,-36.5,-2.3446583543710213,-19.0,-1.1847771626736088,-7.0,-0.330566592074601,17.5,0.8184315926363744,2461262.769970665,-0.0007150302883212017,-24.712459537273677,True,False,True,False,True,True,False,registration;target_snr;comparison_ensemble;background,-1.3235499523580074,-19.177652077954217,0.9000000037843464
7,TRES-3260810062715.fits,61262.26934722222,0.0,2.178553819656372,-43.49970645290887,-9.366037796101082,0,2.0,0.1259301303141337,19.5,1.278999655654006,12.0,0.7555807818848023,-5.5,-0.35696596975391676,-23.5,-1.479679031191071,-0.5,-0.0311783463861476,16.5,1.038923575091603,19.0,1.220507088576696,2.0,0.1247133855445904,26.5,1.6685742266622716,38.5,2.400732671733365,2461262.7719705896,0.002463486600360342,1.062640668204773,True,False,True,False,True,False,False,registration;target_snr;comparison_ensemble,-1.2755517661571503,0.8280446312876741,0.9000000037843464
8,TRES-3260810063015.fits,61262.271347222224,0.0,2.1273722648620605,-43.49970645290887,-9.366037796101082,0,5.5,0.5194617875458015,-5.5,-0.36074349262036065,20.5,1.2907838357198704,5.5,0.35696596975391676,29.5,1.8574694221334722,-22.5,-1.403025587376642,-6.0,-0.37779039094240113,-6.5,-0.41754189872360653,-8.0,-0.4988535421783616,-34.0,-2.140812215340273,39.5,2.4630893645056604,2461262.7739705145,-0.0011579393260207121,-6.217038076010887,True,False,True,False,True,False,False,registration;target_snr;comparison_ensemble,-1.2275535687804222,-4.864588176321852,0.9000000037843464
9,TRES-3260810063316.fits,61262.273347222224,14.0,2.123610019683838,-43.49970645290887,-9.366037796101082,0,3.5,0.220377728049734,24.0,1.574153422343392,12.5,0.7870633144633357,2.5,0.16225725897905308,5.0,0.3148253257853343,-13.5,-0.8418153524259852,-34.0,-2.140812215340273,-32.5,-2.087709493618033,-14.0,-0.8729936988121327,-11.0,-0.6926157167277354,41.5,1.9408520625376882,2461262.7759704394,-0.0008551673487243391,-5.357023791067887,True,False,True,False,True,False,False,registration;target_snr;comparison_ensemble,-1.1795553714036942,-4.209095885289155,0.9000000037843464
10,TRES-3260810063616.fits,61262.275347222225,14.0,2.1716856956481934,-43.49970645290887,-9.366037796101082,0,24.0,1.5111615637696045,2.0,0.13117945186194935,45.0,2.8334279320680085,-11.5,-0.7463833913036442,-31.5,-1.9833995524476058,-8.5,-0.5300318885645091,-16.0,-1.0074410425130695,-12.5,-0.8029651898530895,-36.0,-2.2448409398026272,-4.0,-0.2518602606282674,47.5,2.9619429066840217,2461262.777970364,-0.0017292134538328442,-18.16641693124465,True,False,True,False,True,False,False,registration;target_snr;comparison_ensemble,-1.131557185202837,-14.333251669177727,0.9000000037843464
11,TRES-3260810063915.fits,61262.277347222225,14.0,2.2108664512634277,-43.49970645290887,-9.366037796101082,0,23.5,1.479679031191071,-16.25,-0.9135711826100044,-13.5,-0.8500283796204026,-10.5,-0.6814804877120229,8.0,0.5037205212565348,-18.5,-1.153598816287461,10.5,0.661133184149202,11.0,0.7066093670707188,-2.0,-0.1247133855445904,4.5,0.28334279320680084,23.5,1.4653822801489371,2461262.7799702883,0.00022530585995754948,136.5218033364083,True,False,True,False,True,True,False,registration;target_snr;comparison_ensemble;background,-1.0835589990019798,108.16711518069354,0.9000000037843464
12,TRES-3260810064215.fits,61262.279347222226,14.0,2.1376729011535645,-43.49970645290887,-9.366037796101082,0,12.5,0.7870633144633357,5.25,0.4132152733651404,-29.5,-1.8574694221334722,-11.5,-0.7463833913036442,-8.0,-0.5037205212565348,23.5,1.4653822801489371,5.5,0.3463078583638677,2.0,0.12847443037649434,-7.0,-0.43649684940606637,0.0,0.0,40.5,2.5254460572779553,2461262.781970213,0.00020202020202020202,80.98821989528795,True,False,True,False,True,False,False,registration;target_snr;comparison_ensemble,-1.0355608016252518,64.43777068293433,0.9000000037843464
13,TRES-3260810064516.fits,61262.281347222226,14.0,2.2135603427886963,-43.49970645290887,-9.366037796101082,0,-24.5,-1.5426440963481378,-1.5,-0.147576883344693,4.0,0.2518602606282674,-6.5,-0.42186887334553796,-25.5,-1.6056091615052048,-16.5,-1.0288854307428708,14.0,0.881510912198936,-7.0,-0.44966050631773014,-14.0,-0.8729936988121327,23.5,1.479679031191071,29.5,1.8395224367827083,2461262.7839701376,-0.0006825672940657383,46.9815402906437,True,True,True,False,True,True,False,registration;target_flux;target_snr;comparison_ensemble;background,-0.9875626154243946,37.53868300308606,0.9000000037843464
14,TRES-3260810064816.fits,61262.28434722222,14.0,2.2010746002197266,-43.49970645290887,-9.366037796101082,0,-22.0,-1.3852314334554707,-12.0,-0.787076711171696,17.5,1.652832960373005,-20.5,-1.3305095236282352,-15.5,-0.9759585099345363,6.5,0.4053185030199188,2.5,0.15741266289266714,-2.0,-0.12847443037649434,-7.0,-0.43649684940606637,2.0,0.1259301303141337,36.5,2.2760192861887747,2461262.7869700245,-9.397645918882554e-06,3064.1515723065922,True,True,True,False,True,False,False,registration;target_flux;target_snr;comparison_ensemble,-0.9155653305351734,2463.91831830975,0.9000000037843464
15,TRES-3260810065115.fits,61262.28634722222,14.0,2.1155436038970947,-43.49970645290887,-9.366037796101082,0,26.0,1.6370916940837381,36.5,2.3940249964805753,-12.0,-0.7555807818848023,30.5,1.9795385595444475,9.5,0.5981681189921351,10.5,0.6547452741090996,-32.5,-2.046364617604673,-33.0,-2.1198281012121565,22.0,1.3718472409904943,7.0,0.440755456099468,-4.5,-0.2806051174753284,2461262.788969949,0.001446630871386126,23.524600702014183,True,False,True,False,True,False,False,registration;target_snr;comparison_ensemble,-0.8675671443343163,18.997261455954895,0.9000000037843464
16,TRES-3260810065415.fits,61262.288347222224,14.0,2.377081871032715,-43.49970645290887,-9.366037796101082,0,3.0,0.18889519547120057,1.0,0.06558972593097467,-31.5,-1.9833995524476058,-30.5,-1.9795385595444475,16.5,1.038923575091603,-24.5,-1.5277389729212323,-27.5,-1.2986544688645039,-29.0,-1.3971594303443757,2.0,0.1247133855445904,28.5,1.345878267732304,1.5,0.09353503915844279,2461262.790969874,-0.0020167895322221662,-1.9470061243098862,True,False,True,False,True,True,False,registration;target_snr;comparison_ensemble;background,-0.8195689469575882,-1.5790528722173056,0.9000000037843464
17,TRES-3260810065717.fits,61262.290347222224,14.0,2.074431896209717,-43.49970645290887,-9.366037796101082,0,-22.5,-2.1250709490510062,37.5,2.45961472241155,-2.5,-0.15741266289266714,12.5,1.216929442342898,8.5,0.5352030538350683,-2.5,-0.155891731930738,1.5,0.09444759773560028,28.5,1.830760632865044,-4.0,-0.2494267710891808,-31.5,-1.9833995524476058,42.5,2.6501594428225457,2461262.792969798,0.000841751166460862,-34.986897498376116,True,True,True,False,True,False,False,registration;target_flux;target_snr;comparison_ensemble,-0.771570760756731,-28.49727984729138,0.9000000037843464
18,TRES-3260810070015.fits,61262.292347222225,14.0,2.077625274658203,-43.49970645290887,-9.366037796101082,1,29.5,2.7862041332002083,39.25,2.2066257795349338,90.0,5.666855864136017,22.5,1.4603153308114776,87.0,5.477960668664816,73.5,4.583216918763696,27.0,1.7000567592408051,34.5,2.216183923994527,24.0,1.4965606265350846,60.5,3.8093864420025447,8.5,0.5300318885645091,2461262.7949697226,0.007449094520602449,5.183524700650914,True,False,True,False,True,False,False,registration;target_snr;comparison_ensemble,-0.7235725745558739,4.240331811328071,0.9000000037843464
19,TRES-3260810070316.fits,61262.294347222225,35.0,2.0541582107543945,-45.215540090462895,-4.7544749243909905,10,5.5,0.3497537925739477,186.5,11.859833148189317,224.0,14.389136202167364,225.5,21.297933289377863,215.0,13.537489008769374,164.5,15.69122696684029,205.5,12.939320889777239,174.0,11.064938165066708,186.25,14.072692062604442,190.5,17.992267368631854,101.0,6.422751463630676,2461262.796969647,0.03592305604440825,0.20039923303523433,False,False,True,False,True,False,False,target_snr;comparison_ensemble,-0.6755743883550167,0.16464766067617106,0.9000000037843464
20,TRES-3260810070616.fits,61262.296347222225,35.0,2.0004167556762695,-45.22767691947833,-6.408590150615993,10,32.5,2.087709493618033,322.5,20.71650189820971,470.5,44.437594734599934,384.5,24.210067552892205,378.0,23.80079462937127,406.5,26.11242797402247,273.5,17.5688783539856,269.5,16.969085059829517,297.5,28.37775089747712,337.5,21.25070949051006,194.0,18.145797596737903,2461262.7989695715,0.06236879704877766,0.6820600849882917,False,False,True,False,True,False,False,target_snr;comparison_ensemble,-0.6275762021541595,0.5628273587963184,0.9000000037843464
21,TRES-3260810070915.fits,61262.298347222226,35.0,2.0031752586364746,-40.21115630038824,-7.41487176765262,10,51.5,4.91245099569772,398.5,38.39779537877474,600.0,57.232438784827806,472.5,29.75099328671409,434.5,27.358320810745546,468.0,30.374558880878734,317.0,20.36319721467435,321.0,20.21178591541846,423.0,26.63422256143928,350.0,22.257059527433036,228.0,14.217325952083305,2461262.800969496,0.07393402988749415,0.9117368154546223,False,False,False,False,True,False,False,comparison_ensemble,-0.5795780159533024,0.7556547222218087,0.9000000037843464
22,TRES-3260810071217.fits,61262.300347222226,35.0,2.0121889114379883,-40.96792115046259,-4.630465831356332,11,108.0,6.937619240330694,890.5,56.62831859765462,1339.5,127.77141958712808,1062.0,101.30141664914521,963.5,60.08067348610642,991.0,63.01927426196039,799.75,61.6484554161608,798.75,50.29334579420715,907.0,56.55752034447174,804.0,50.134780988925336,543.5,51.33226936929876,2461262.8029694203,0.17058350209120662,0.8286924281160577,False,False,False,False,True,False,False,comparison_ensemble,-0.5315798297524452,0.689853677692167,0.9000000037843464
23,TRES-3260810071516.fits,61262.30234722223,35.0,2.006819725036621,-36.36680342104364,-5.299926799939442,11,135.5,8.616661617049076,1130.5,74.14918516496687,1607.0,151.77728956110965,1355.0,85.31766328782558,1424.0,91.47379442806395,1239.5,79.62202822583235,1096.0,69.00971141214526,1098.0,68.46764866398013,1240.0,78.85358232576276,1129.0,72.52381594753105,723.5,67.67260083113337,2461262.8049693448,0.22248284370421775,0.7971671792284185,False,False,False,False,True,False,False,comparison_ensemble,-0.48358164355158806,0.6665475890337239,0.9000000037843464
24,TRES-3260810071817.fits,61262.30434722222,35.0,2.032503366470337,-37.491543937874724,-6.521437951867995,11,127.5,8.107928827850605,942.5,60.54357531492295,1568.0,99.7116266829,1230.0,79.01177468154401,1444.0,137.7394026754856,1038.5,99.05981279673946,1119.5,105.73408566500451,1105.0,108.71497073059051,920.0,87.75640613673596,1143.0,71.96906947452742,673.0,41.96605423575467,2461262.806969269,0.20920480280170378,0.797710255782749,False,False,False,False,True,False,False,comparison_ensemble,-0.4355834573507309,0.6699672537447424,0.9000000037843464
25,TRES-3260810072115.fits,61262.30634722222,35.0,2.0023345947265625,-34.18627841096401,-8.154816404631617,11,261.0,16.275096813569046,1853.0,173.3204275605945,2519.5,158.64048166322993,2197.5,139.74253803295454,1925.5,122.4456232002066,1897.0,186.6355651365884,1536.5,96.74582261383323,1535.0,95.71752340547313,1743.5,114.35568716065434,1720.0,109.37754967767091,1113.0,70.0801175198154,2461262.808969193,0.3410296035623596,1.0017401219150952,False,False,False,False,False,False,True,accepted,-0.38758528232574463,0.8450817093259864,0.9000000037843464
26,TRES-3260810072417.fits,61262.309347222224,35.0,2.002718925476074,-34.422437239691476,-10.438222315235834,11,224.0,14.104174595182975,1850.0,121.34099297230314,2748.5,173.05948158419824,2260.5,142.33252978754962,2342.5,221.24349769564367,2029.5,127.78759973626718,1881.5,143.57711143153801,1870.5,120.15571100961631,1970.0,124.0411783594217,1883.0,89.8072351931923,1128.0,84.40601933657878,2461262.81196908,0.3753862059227262,0.7810455276501056,False,False,False,False,False,False,True,accepted,-0.31558799743652344,0.6633444496381188,0.9000000037843464
27,TRES-3260810072715.fits,61262.311347222225,35.0,1.9820263385772705,-34.11867598202235,-8.453941311248911,11,671.5,64.05263774001979,4291.0,405.27464188346084,6332.0,402.66200265058853,5190.5,323.6624138345982,5018.0,322.34234581462425,4619.0,290.8356359604918,4087.5,268.09800474285896,4095.0,260.4075964709665,4197.5,266.9257353325719,4120.25,222.37012261148976,2515.5,239.94699960539057,2461262.813969004,0.837714144591468,1.0491964439723183,False,False,False,False,False,False,True,accepted,-0.26758982241153717,0.8951103820127656,0.9000000037843464
28,TRES-3260810073016.fits,61262.313347222225,35.0,2.0061419010162354,-29.444086700989516,-4.622493752334094,11,809.5,78.00003854232912,5238.0,336.4745331560386,7670.5,482.9735322872813,6146.5,394.8340431545612,6528.0,415.125955985951,5386.5,513.8042191907916,5053.0,321.3283479774832,5035.0,326.7861195838129,4734.5,301.07442380751917,5344.75,224.3550213321554,3319.0,206.96186331124775,2461262.8159689284,1.0204217750019278,1.0383500232734526,False,False,False,False,False,False,True,accepted,-0.21959163621068,0.889875920699291,0.9000000037843464
29,TRES-3260810073315.fits,61262.315347222226,65.0,2.036177396774292,-26.499779003039237,-6.756282895086883,11,597.0,38.34961746738355,3916.5,249.05649611197566,5853.0,375.9804204968106,4755.0,311.87914680178454,4862.5,306.16762932623755,4453.0,424.760083181397,3988.0,248.67849077591325,3929.0,252.3880184746231,4425.0,417.9306199800313,4038.0,254.25293310423595,2651.0,252.87199203096418,2461262.817968853,0.7924347913025824,0.9860920054771686,False,False,False,False,False,False,True,accepted,-0.17159345000982285,0.8489418619152825,0.9000000037843464
30,TRES-3260810073616.fits,61262.317347222226,65.0,1.9612005949020386,-27.197914732091647,-7.733066665119793,11,698.5,33.31404874266852,4465.0,283.9364879713957,7023.0,446.6037973176063,5630.0,354.49331683428636,6061.5,381.6627424495607,4780.5,455.99945601811555,4719.5,445.74543751316554,4687.0,298.05382287165327,4523.0,341.74918764649607,4950.0,233.7578043956107,2961.5,186.4710404626535,2461262.819968777,0.9427727926548464,0.9697638952140654,False,False,False,False,False,False,True,accepted,-0.12359527498483658,0.8387072101686904,0.9000000037843464
31,TRES-3260810073915.fits,61262.31934722223,65.0,1.9570239782333374,-26.745060675329796,-10.47256697018662,11,822.5,52.83510949233329,5376.0,338.5001902843914,7939.0,495.0497839192515,6596.5,419.4819804934629,6601.0,411.6165289899206,5613.5,350.0392948772791,5210.5,502.0620146075428,5235.5,332.9338147310733,5131.0,319.95219061464667,5576.0,260.7756891737385,3451.5,217.32392238961626,2461262.821968701,1.067617611632787,1.0083860259496775,False,False,False,False,False,False,True,accepted,-0.07559708878397942,0.8761211051438244,0.9000000037843464
32,TRES-3260810074215.fits,61262.32134722223,65.0,1.9576187133789062,-26.383270340327456,-9.598005134467144,11,759.5,48.788164935473716,5089.0,323.6176455288763,7487.0,476.1102990911175,6286.5,395.8298821099008,6152.0,391.2155148936229,5378.0,410.3947410464053,5053.5,318.19395677123737,5011.5,321.92480391590067,4865.0,455.0479655058242,5222.5,249.08034296146934,3250.5,202.69042985634553,2461262.823968625,1.0095523935410444,0.9847036706605188,False,False,False,False,False,False,True,accepted,-0.02759891375899315,0.8594983077655872,0.9000000037843464
33,TRES-3260810074516.fits,61262.32334722222,65.0,1.9953393936157227,-21.614007284200312,-4.879041828074094,11,768.5,49.36629987216794,5319.0,338.24371321833235,8059.5,517.719835809678,6499.0,426.26762882540436,6704.5,422.1492793455547,5619.5,357.35298861259986,5300.5,330.5216500395507,5275.0,335.44568287774075,5091.5,320.5866292472059,5554.0,262.28097891176196,3335.0,209.98849229881796,2461262.8259685496,1.0650337148278812,0.9444678026165413,False,False,False,False,False,False,True,accepted,0.020399272441864014,0.8282053758036492,0.9000000037843464
34,TRES-3260810074815.fits,61262.32534722222,65.0,2.0051803588867188,-23.457512226601807,-2.6656586688874313,11,879.0,56.464512150469254,5642.0,362.42636809209046,8661.5,545.3719118579345,7017.5,450.78465758352445,7275.0,458.0708490176614,5959.0,378.9423363542099,5796.0,368.57690577429105,5778.0,371.1626293576921,5564.0,353.82365488753544,6020.0,287.1160679038862,3713.5,233.82076946076776,2461262.8279684735,1.158713881379278,0.9929315413395198,False,False,False,False,False,False,True,accepted,0.06839744746685028,0.8747641416756757,0.9000000037843464
35,TRES-3260810075116.fits,61262.32734722222,65.0,2.0159692764282227,-21.59614722904763,-2.7471241195484026,11,950.0,92.48663761806026,6374.0,401.33932531114414,9455.5,893.0492603889685,7761.5,509.0746578132599,8099.5,505.0580331092049,6700.0,417.7898415743778,6350.5,399.85964627995304,6309.0,405.27259062265136,5983.5,380.5003305211302,6766.0,319.5162231395358,4106.5,256.06775886943024,2461262.829968398,1.27297932939724,0.9768072966047133,False,False,False,False,False,False,True,accepted,0.11639563366770744,0.8645911489181826,0.9000000037843464
36,TRES-3260810075416.fits,61262.32934722222,65.0,1.9639133214950562,-18.471837524022874,-5.410694260436657,11,994.0,62.58727476612445,6162.0,606.2458367799989,9231.0,587.0140471363839,7614.5,479.44748863848554,7700.25,415.5829225506035,6730.0,419.66054235754666,6349.0,599.6477980233262,6235.0,600.7785550480816,6087.0,574.9025274165989,6267.0,236.76123800360278,3973.5,247.77431873071495,2461262.831968322,1.2475645919077478,1.0428695466815998,False,False,False,False,False,False,True,accepted,0.1643938086926937,0.927409702998018,0.9000000037843464
37,TRES-3260810075716.fits,61262.33134722222,65.0,1.9467296600341797,-18.16519206726349,-0.6573817950102239,11,962.5,60.603875213676844,6256.0,397.82904115320304,9187.0,578.4600535979732,7666.0,482.6901894940745,7619.5,484.53618591221715,6767.5,426.11607845044995,6106.5,384.49617038162876,6089.5,387.2410399780099,6047.0,576.8075955530895,6396.5,308.1700102137172,4007.0,254.81153578978333,2461262.833968246,1.2374821751900877,1.0180484044008011,False,False,False,False,False,False,True,accepted,0.21239198371767998,0.9096188724580766,0.9000000037843464
38,TRES-3260810080016.fits,61262.334347222226,65.0,1.9501121044158936,-16.419098314122834,-4.437272520553989,11,824.0,51.88321368942309,5443.0,357.0048782422951,8175.5,514.7708901916001,6762.5,425.8012531246646,6954.5,375.3347534012755,5774.0,363.560286216904,5423.5,344.8890352772373,5444.0,349.70739948481753,5087.5,320.3347689865776,5565.0,265.41543486463894,3541.5,220.83622745308344,2461262.8369681323,1.095798904645891,0.9842444875979707,False,False,False,False,False,False,True,accepted,0.2843892574310303,0.8856994022990362,0.9000000037843464
39,TRES-3260810080315.fits,61262.336347222226,85.0,1.9782265424728394,-14.371714400742093,-4.060462651499165,11,808.0,50.875772646910015,5328.5,335.50934968943073,8007.5,514.3795006198892,6542.5,494.3387265481319,6662.5,436.9915490151187,5809.5,373.18610163612186,5245.5,330.2832492813942,5272.0,335.2549080817913,5159.5,507.6152864112957,5476.25,307.8734885395715,3369.0,210.07969794986252,2461262.8389680563,1.0713726053876105,0.9871370779113998,False,False,False,False,False,False,True,accepted,0.33238743245601654,0.8925543603228158,0.9011082647510279
40,TRES-3260810080615.fits,61262.33834722223,85.0,2.0046606063842773,-14.687657462456116,-6.303312671064077,11,706.0,44.895668646764925,4481.0,431.7704418878033,6855.5,641.2294609507046,5682.5,361.35925932753776,5857.5,372.4877890912543,4866.5,309.4685148292939,4550.0,286.4910464646542,4554.5,286.774389257861,4412.5,283.4467120181406,4931.0,230.61063904514072,3064.5,192.95644217383136,2461262.84096798,0.9209554398360369,1.003396830793494,False,False,False,False,False,False,True,accepted,0.3803856074810028,0.9116197752403637,0.9090196054333024
41,TRES-3260810080915.fits,61262.34034722222,85.0,1.9567700624465942,-12.960503102030515,-2.3364042746770792,11,682.0,43.36947027916951,4944.0,471.5952955869811,7025.5,657.1304176076399,6232.0,388.6069093569437,5801.5,365.2918255087233,5072.0,319.3588104766431,4671.5,306.40240468654815,4632.0,297.54678075196085,4746.0,298.8321992354393,4992.5,235.7648158474922,3302.5,207.9421276812133,2461262.842967904,0.9531683302409992,0.9365293922872574,False,False,False,False,False,False,True,accepted,0.4283837825059891,0.8549806234912919,0.9169309461155769
42,TRES-3260810081216.fits,61262.34234722222,85.0,2.022063732147217,-12.37813781591018,-0.31395417869680387,11,977.5,61.54835119103285,6406.5,420.20057917678923,9348.0,588.5974290882609,7660.0,482.3123991031321,7479.5,720.6933765007419,6955.5,442.3113644087442,6097.0,383.8980022626366,6061.5,381.6627424495607,6365.5,404.7923212053571,6294.0,303.2317742961207,3978.5,248.08610219457643,2461262.8449678286,1.2393825388802544,1.032328777954263,False,False,False,False,False,False,True,accepted,0.47638196870684624,0.9470150633196249,0.924842288639924
43,TRES-3260810081515.fits,61262.34434722222,85.0,1.9531502723693848,-9.414602072905836,-1.928651910335219,11,980.0,61.10955891684929,6418.5,404.1412707106336,9758.5,640.0573404974162,8100.0,531.2767800408948,8323.5,540.2193180448593,6640.0,414.0484400080401,6701.0,626.7782974007251,6682.5,420.7640479120993,6284.0,403.66666024294517,6940.5,334.3787940105221,4178.0,263.0680422262253,2461262.8469677526,1.3178694593692097,0.9733304797145633,False,False,False,False,False,False,True,accepted,0.5243801437318325,0.8972498837860973,0.9327536293221985
44,TRES-3260810081815.fits,61262.34634722222,85.0,2.0345091819763184,-4.082958787617372,-3.692566379790776,11,968.5,61.588463292339696,6171.0,388.55741708425955,9333.5,498.86245027732906,7303.0,464.4094449395527,7865.0,500.1479233807452,6537.5,415.7300761731242,6160.0,395.7012455596025,6139.0,390.38882411117544,6181.0,393.0596712544674,6816.5,325.1040991473156,3979.5,248.14845888734874,2461262.8489676765,1.2433713868306335,1.0195426487168626,False,False,False,False,False,False,True,accepted,0.5723783187568188,0.9444588973735624,0.9406649700044729
45,TRES-3260810082115.fits,61262.34834722222,85.0,1.965207815170288,-2.5189720263097684,2.7756410804782377,11,1231.0,78.28125793791448,7737.0,497.0033339114683,11401.5,717.8961903882977,9413.5,598.619513889974,9739.0,613.2167695646741,8228.0,518.0765561123461,7611.0,580.7947887884326,7593.0,478.0937397376086,7505.5,472.5842965363653,8149.0,388.6559530479681,4957.0,315.2235545071016,2461262.8509676005,1.5360779121745665,1.0489419395541102,False,False,False,False,False,False,True,accepted,0.620376493781805,0.9764817630999193,0.9485763106867475
46,TRES-3260810082417.fits,61262.35034722222,85.0,1.9436376094818115,-0.267092676113009,-0.15085874362318918,11,1238.5,115.8431459977314,7921.5,592.7502501548837,11572.0,735.881979575586,9476.5,596.688439960944,9615.0,630.6452148263214,8161.0,535.2777533226842,7580.5,472.69490956038373,7574.0,476.8974034996243,7431.0,487.3972533930728,7999.0,385.37511321809177,5036.0,320.2472908004365,2461262.8529675244,1.547432052807902,1.0475893241889305,False,False,False,False,False,False,True,accepted,0.6683746688067913,0.9800524540476013,0.9564876513690219
47,TRES-3260810082715.fits,61262.35234722222,85.0,2.0015876293182373,3.812588589170332,0.33801380211593823,11,1163.5,73.25985331024728,7209.0,687.6477519997061,11065.5,696.7399284955233,8938.5,562.8132349064421,9303.5,591.624438038495,7690.5,489.05118941635357,7321.0,460.96724201488644,7314.5,460.5579690913655,7050.5,448.352566280476,7741.5,372.96930103486153,4794.5,304.8899197265077,2461262.8549674484,1.473915445939895,1.033238211430214,False,False,False,False,False,False,True,accepted,0.7163728438317776,0.9714376643642639,0.9643989920512964
48,TRES-3260810083015.fits,61262.35434722222,85.0,2.031898260116577,3.5559611347286477,-2.1013673264742962,11,1100.5,69.98255431411444,7034.5,451.87669024172465,10479.5,799.689789660804,8593.5,552.0225087202019,8574.0,562.3663101321767,7602.5,488.36342846864903,6856.0,427.51748564685585,6845.0,430.99587100012263,6998.0,449.53203188735364,7281.0,358.1690958775699,4503.5,286.38476451941335,2461262.8569673724,1.403354429866526,1.0264299563404038,False,False,False,False,False,False,True,accepted,0.7643710188567638,0.9698638643103557,0.9723103327335709
49,TRES-3260810083315.fits,61262.35634722222,95.0,2.0244972705841064,3.228501421617352,1.9804310657901851,11,940.5,59.80789853014505,5912.5,451.18239242039255,9022.0,573.7234030185739,7473.5,470.5694144513391,7581.5,477.36964148830236,6363.5,404.66513800805745,5976.0,380.0233935312566,5926.5,376.8756093980911,5913.5,558.5158692094723,6369.5,405.04668759995633,3868.0,253.70105990101,2461262.8589672963,1.2065919076603393,1.020246310780757,False,False,False,False,False,False,True,accepted,0.8123691938817501,0.96886739502181,0.9802216734158454
50,TRES-3260810083615.fits,61262.35934722222,95.0,2.0038633346557617,5.494129526198549,0.3355842022119475,11,772.5,60.16499162943289,4957.0,318.42387568814115,7387.0,697.6844044728794,6093.0,395.45339158374816,6146.5,390.865761101049,5389.0,339.3187361314333,4906.5,312.01217877528626,4888.5,480.9530628203545,4959.0,473.0261065566018,5160.5,324.9312187430435,3234.0,308.48284505022184,2461262.8619671823,0.9965421885737445,1.0146340677231027,False,False,False,False,False,False,True,accepted,0.8843664564192295,0.9708589426154832,0.9920886844392572
51,TRES-3260810083916.fits,61262.36134722222,95.0,2.0369129180908203,9.001108938544391,-0.6563960314172732,11,845.5,53.76669665841323,4938.0,310.92149174559614,7686.5,488.79682302175434,6037.0,383.90248104889497,6500.5,405.34968136630494,5601.0,356.17654403757837,5203.5,334.2583492320441,5164.5,328.4188112269369,5098.0,320.9959021707268,5282.0,247.02603841744744,3029.5,190.75266489333404,2461262.863967106,1.0370956638360274,1.0670909456672175,False,False,False,False,False,False,True,accepted,0.9323646314442158,1.0262510809055565,1.0
52,TRES-3260810084215.fits,61262.36334722222,95.0,2.0159096717834473,13.48776167034032,3.538208563217637,11,534.5,34.33479151811811,3501.0,229.6296304843423,5242.5,333.378955921622,4298.0,273.3166909968777,4437.0,282.1559232092011,3716.5,283.6058116584167,3423.0,222.16263899411948,3405.5,335.04871748690135,3346.0,214.937722019875,3784.0,238.25980655434097,2335.0,145.60287762330927,2461262.8659670297,0.7036188051696014,0.9942987946069711,False,False,False,False,False,False,True,accepted,0.9803627952933311,0.9611382480714673,1.0
53,TRES-3260810084516.fits,61262.36534722222,95.0,1.974706768989563,12.248467101933443,7.227896998441565,11,643.25,41.320588669839985,3899.0,245.50078904740366,6025.0,383.1393818650972,4548.5,292.18297328374223,4759.5,299.6822276150597,4382.0,273.24702772819757,3876.5,246.51283216598333,3879.5,244.27297027684085,4011.0,250.11269470967602,3906.0,248.38878432615266,2430.5,154.55938051835997,2461262.8679669537,0.7810950536541681,1.0779101184180337,False,False,False,False,False,False,True,accepted,1.0283609703183174,1.0473205473296279,1.0
54,TRES-3260810084816.fits,61262.36734722222,95.0,2.0408036708831787,15.669087451286032,5.35476924945344,11,611.0,39.248938480019014,3770.5,237.40977817472057,5588.5,358.98967707951925,4822.5,303.6490267199549,4804.0,305.49403991368087,4087.0,257.3382212969322,3841.5,241.8802978008723,3842.0,244.3189220125649,3601.5,226.76868216317627,4265.5,268.5774854274687,2606.0,162.50154136460128,2461262.8699668776,0.7737929422240883,1.033530000411513,False,False,False,False,False,False,True,accepted,1.0763591453433037,1.0093918205338,1.0
55,TRES-3260810085117.fits,61262.36934722222,95.0,1.9846936464309692,16.75525315836734,8.886914265821929,11,589.0,36.72809204288187,3821.5,238.2961014293261,5508.0,350.26252536314615,4547.0,283.53588203562623,4525.0,296.7935098376604,4075.0,267.27813316872175,3637.5,229.0354245088307,3645.0,227.29014515501598,3799.5,249.20816367473824,3820.5,184.06371047002372,2380.0,149.8568550738191,2461262.8719668016,0.7384924272983975,1.0439408447250795,False,False,False,False,False,False,True,accepted,1.12435732036829,1.024858273376352,1.0
56,TRES-3260810085416.fits,61262.37134722222,95.0,2.0314650535583496,17.432402997648126,7.271179448723899,11,399.5,25.92870998485268,2782.5,175.2002937995385,4021.0,253.18252699656583,3308.5,217.0036082426297,3235.0,201.72390111837495,2988.0,186.32179800361806,2621.0,165.03143577667223,2617.5,168.14091075523694,2729.5,260.35990277197914,2687.0,126.89034755777898,1727.0,107.6900084177538,2461262.8739667255,0.5366407258912722,0.9744056571439728,False,False,False,False,False,False,True,accepted,1.1723554953932762,0.9615916342482413,1.0
57,TRES-3260810085717.fits,61262.37334722222,95.0,2.0225634574890137,18.507207475081714,6.0857617876193615,11,456.0,28.712069711622483,2957.0,227.93933437397624,4431.0,287.58476581447366,3584.5,235.1063725995787,3626.0,349.3862134088763,3127.5,292.53083496802986,2853.0,266.8554667190373,2847.0,268.89231075325404,2893.5,273.28412404795944,3018.0,167.89453974815387,1889.0,178.41151212254894,2461262.875966649,0.5841733175936757,1.0217149958201326,False,False,False,False,False,False,True,accepted,1.2203536592423916,1.0135739921161413,1.0
58,TRES-3260810090015.fits,61262.37534722222,95.0,2.031909465789795,18.857465182959118,10.27568831003262,11,520.0,32.425480241593505,3428.0,217.99200017154413,5252.5,393.0342345437767,4116.0,259.16420818648714,4307.0,271.1905356314869,3801.5,239.36169519458963,3391.5,213.54601848019223,3394.5,215.86168161677554,3500.5,330.6138158734688,3351.0,213.09544707550887,2031.0,126.64644302053154,2461262.877966573,0.6891064416511341,0.9876968652629179,False,False,False,False,False,False,True,accepted,1.2683518342673779,0.9849998300632961,1.0
59,TRES-3260810090708.fits,61262.38034722222,100.0,2.021932601928711,18.19011690861913,13.880055544321863,1,-6.5,-0.41334539122375635,-30.0,-1.9077479594942601,3.5,0.22257059527433035,277.0,17.614872825997,4.0,0.2518602606282674,4.0,0.2543663945992347,88.0,5.540925733821883,62.0,3.942679116288138,16.0,1.0074410425130695,10.5,0.661133184149202,11.0,0.7066093670707188,2461262.882966383,0.0026760275496952816,-3.179284684161846,True,True,True,False,True,False,False,registration;target_flux;target_snr;comparison_ensemble,1.3883472718298435,-3.213010267476143,1.0
60,TRES-3260810091249.fits,61262.38434722222,100.0,2.018397808074951,24.73933144390878,17.771827649005104,1,7.0,0.43649684940606637,-24.25,-1.8322833960706455,-8.0,-0.5037205212565348,218.5,21.053747277948005,15.5,0.9856697790720345,3.5,0.22956404075841133,-23.5,-1.4653822801489371,-27.5,-1.7487689628697385,15.5,1.4935152531267466,-17.5,-1.1128529763716517,32.0,2.0349311567938777,2461262.8869662303,-0.00021270845351935552,-43.07446889546276,True,False,True,False,True,False,False,registration;target_snr;comparison_ensemble,1.4843436107039452,-44.00222538664218,1.0
61,TRES-3260810091436.fits,61262.385347222225,100.0,2.033857583999634,30.114140884874132,24.206837757154148,1,-24.0,-1.5111615637696045,28.0,1.309490548218199,-16.0,-1.0174655783969389,10.5,0.6677117858229911,16.5,1.0492613777218431,26.5,2.5277660463298948,7.5,0.4722379886780014,5.5,0.34296181024762357,15.5,0.9759585099345363,668.5,31.883237773047824,-22.0,-1.4132187341414375,2461262.8879661923,0.002199505208984559,-14.28212692433117,True,True,True,False,True,False,False,registration;target_flux;target_snr;comparison_ensemble,1.5083426982164383,-14.629298368085388,1.0
62,TRES-3260810092014.fits,61262.389347222226,100.0,2.047757625579834,35.932758758144786,21.119011294091266,2,20.5,1.2907838357198704,1.0,0.0623566927722952,11.5,1.1080919619972636,230.5,14.51344751870391,24.0,1.5111615637696045,-9.75,-0.7366912623376822,96.5,6.136589269706537,99.0,6.173312584457224,-8.0,-0.4988535421783616,21.5,1.3537489008769374,6.5,0.41334539122375635,2461262.89196604,0.0029538478101838557,9.08390088361193,False,False,True,False,True,False,False,target_snr;comparison_ensemble,1.60433903709054,9.406730303391194,1.0
63,TRES-3260810092552.fits,61262.39334722222,100.0,2.008577585220337,40.16082781785923,20.8909250643693,3,-1.5,-0.095387397974713,10.5,0.6677117858229911,-11.0,-0.6995075851478953,257.0,16.34304085300083,11.0,0.6926157167277354,4.0,0.381549591898852,137.0,8.626213926518158,139.5,8.87102801164831,-52.0,-3.306763129790051,4.5,0.2806051174753284,-13.0,-0.8350837974472131,2461262.8959658872,0.0013278187696855043,-1.4786285825778291,False,True,True,False,True,False,False,target_flux;target_snr;comparison_ensemble,1.7003353759646416,-1.548150969124145,1.0
64,TRES-3260810093318.fits,61262.398347222224,100.0,2.0224852561950684,41.000682110034944,16.39539794691072,2,-25.5,-2.457073480950454,-24.5,-1.5579941669203126,18.0,1.144648775696556,300.0,19.077479594942602,1.0,0.0623566927722952,-27.5,-2.6231534443046076,158.5,10.181598607337175,149.0,9.38179470840296,-9.0,-0.5666855864136017,-7.0,-0.43649684940606637,-1.0,-0.06296506515706685,2461262.9009656967,-7.290316572122489e-05,457.825980814274,False,True,True,False,True,False,False,target_flux;target_snr;comparison_ensemble,1.8203308023512363,486.08780522308473,1.0
65,TRES-3260810093856.fits,61262.402347222225,100.0,1.9977686405181885,44.75954021067304,20.972705429144455,3,-19.5,-1.2159555090597562,6.5,0.4960144694685077,21.5,1.381100126547314,290.5,18.29135142812792,-38.5,-2.525204448342525,-2.5,-0.16397431482743668,118.0,7.579991392213165,116.0,7.2333763615862425,-27.0,-1.770922600136316,-7.0,-0.44966050631773014,4.5,0.28334279320680084,2461262.904965544,0.001350461869524251,-18.899874765376143,False,True,True,False,True,False,False,target_flux;target_snr;comparison_ensemble,1.916327141225338,-20.29471287375602,1.0
66,TRES-3260810094042.fits,61262.40334722222,100.0,2.0163466930389404,43.899310015759795,20.366382062317797,0,137.5,8.832617088383985,4.0,0.2543663945992347,3.5,0.21824842470303318,86.5,5.55651911378338,-27.5,-1.7487689628697385,13.0,0.8106370060398376,-55.5,-3.5651654429477175,-51.0,-3.2112183230104097,-15.0,-0.9538739797471301,3.25,0.1364243078403115,-1.5,-0.09444759773560028,2461262.905965506,3.9890947946092064e-06,45116.456553687894,True,False,False,False,True,False,False,registration;comparison_ensemble,1.9403262287378311,48584.2063942714,1.0
67,TRES-3260810094809.fits,61262.40834722223,100.0,2.0519721508026123,49.77430871887617,19.44745851546017,3,29.0,1.8259868895549387,20.0,1.2593013031413371,20.5,1.2907838357198704,430.0,26.813377892086933,31.0,1.9519170198690725,8.5,0.5405285885233737,154.5,9.82490199139544,149.0,9.571345063048827,-11.0,-0.6926157167277354,,,-36.0,-2.2448409398026272,2461262.9109653155,0.00403999596000404,9.395582460732983,False,False,True,False,True,False,False,target_snr;comparison_ensemble,2.060321655124426,10.264029683501645,1.0
68,TRES-3260810094956.fits,61262.41034722223,100.0,2.0559349060058594,50.30943243326749,24.767937788733434,1,261.0,16.597407247600064,-22.0,-1.3852314334554707,24.0,1.144648775696556,10.0,0.6359159864980867,-4.0,-0.2518602606282674,14.5,0.9129934447774694,-20.5,-1.3036277723210778,-6.0,-0.37779039094240113,-22.0,-1.3990151702957907,,,-46.5,-2.9278755298036088,2461262.912965239,-0.0012121212121212121,-281.8390052356021,True,False,False,False,True,False,False,registration;comparison_ensemble,2.1083198189735413,-309.6807327805353,1.0
69,TRES-3260810095534.fits,61262.41434722222,100.0,2.043821334838867,56.494629696543086,22.46062598453244,3,-20.0,-1.2980580718324246,-50.0,-3.211860759412358,-7.5,-0.7154054848103476,517.0,50.33220173530226,-32.5,-2.066726956118782,17.0,1.0704061076701366,199.5,12.561530498834838,156.0,10.231997245232048,-23.5,-1.4944025682705038,,,0.0,0.0,2461262.9169650865,0.0,-inf,False,True,True,True,True,False,False,target_flux;target_snr;nonfinite_flux;comparison_ensemble,2.204316157847643,-inf,1.0
