frame_index,file_name,mjd_utc,weather,background_rms,shift_x,shift_y,registration_stars,target_flux,target_snr,comp_1_flux,comp_1_snr,comp_2_flux,comp_2_snr,comp_3_flux,comp_3_snr,comp_4_flux,comp_4_snr,comp_5_flux,comp_5_snr,comp_6_flux,comp_6_snr,comp_7_flux,comp_7_snr,comp_8_flux,comp_8_snr,comp_9_flux,comp_9_snr,comp_10_flux,comp_10_snr,bjd_tdb,ensemble_flux,differential_flux,accepted,hours_from_expected_mid,detrended_flux,transit_model
0,CoRoT-2260809051853.fits,61261.22134722222,100.0,2.8581838607788086,3.310274986092111,26.413267644790437,0,-33.5,-1.0651592773842953,48.0,2.2667423456544067,-58.5,-2.2100737870130467,-40.0,-1.6628451405945386,-77.5,-2.6881903065600943,-68.0,-3.2112183230104097,120.0,7.6309918379770405,112.0,6.104793470381632,-27.5,-1.0288854307428708,-16.5,-1.0492613777218431,526.0,25.08688566734952,2461261.727147986,-0.003131461883281301,6.339483791209395,False,-1.7332083396613598,6.0798549767434364,1.0
1,CoRoT-2260809052256.fits,61261.224347222225,100.0,2.853719711303711,8.645706273535225,25.253905949644718,9,1852.5,86.63683002050765,12531.0,603.7174076429438,14438.5,459.08364855263125,9577.5,398.1474833511048,10829.5,516.4989131835772,13222.5,504.50394788825713,9359.5,360.7369293326396,8448.5,526.820518886736,5595.0,269.55541423368214,9438.0,363.76250216800605,5091.0,323.74482872617597,2461261.730147881,1.052839167621749,1.0426832621145168,True,-1.6612108647823334,1.000311928157269,1.0
2,CoRoT-2260809052658.fits,61261.22734722222,100.0,2.853313446044922,5.677464294198671,27.65351949897496,9,1840.0,101.31126509689265,12541.5,598.1505258499316,13895.0,441.80263161954576,9542.0,459.7136304946908,10662.5,508.5340654526887,13284.5,497.0264910801334,9271.0,353.73462664942576,8316.0,396.6208007788567,5553.5,349.67648934977075,9395.0,448.08230198621436,4995.0,317.6400352557943,2461261.7331477753,1.0422256461716102,1.0461941465129068,True,-1.5892134010791779,1.0040124544305156,1.0
3,CoRoT-2260809052844.fits,61261.228347222226,100.0,2.8753724098205566,5.606836489076386,26.475407718959673,10,1774.5,94.84452970666099,11968.5,507.3973656268234,14453.0,459.54468764284235,9073.5,432.74877776177925,10091.5,476.5589662744051,12387.5,596.8038773583088,8464.0,322.94357458318837,7488.0,357.1304180173255,4989.0,237.9438642479216,8841.5,334.02337415172394,4645.5,295.4147715276862,2461261.73414774,0.9875670989015027,1.0647940344764715,True,-1.5652142465114594,1.021975200279388,1.0
4,CoRoT-2260809053031.fits,61261.23034722223,100.0,2.845541000366211,0.6873593859084366,27.511413150450494,9,1809.5,84.62582667860111,12270.0,459.06997218963727,14190.5,442.43632439262745,9215.0,435.16730656677834,10592.5,400.1744716057384,13184.0,503.03498195944655,9057.0,338.85873986320655,7853.5,494.4961392110245,5076.5,322.8227505457537,9323.5,348.82957503749657,4958.0,315.2871461057514,2461261.7361476696,1.021276926232619,1.0499564503546384,True,-1.5172159373760223,1.00795679429461,0.9999999964538955
5,CoRoT-2260809053315.fits,61261.23134722222,100.0,2.8740081787109375,0.18424783835665437,21.296255791861498,10,1800.0,85.8486581772417,12211.5,588.3245649534601,14828.5,481.2063529541777,9371.0,442.5342191901551,10494.5,444.90802135361145,12933.5,623.109016977896,9049.5,348.78880730762563,8042.5,511.43543214108627,5425.0,344.98442267521204,9198.5,354.5316143454549,4895.5,231.1841073573156,2461261.7371476344,1.021109733001424,1.0446151203860663,True,-1.4932167828083038,1.0029398506151441,0.9960347131165765
6,CoRoT-2260809053616.fits,61261.23434722222,100.0,2.888093948364258,0.6032844299401106,21.150048356255127,10,1631.5,69.1664621314419,11852.0,373.13097612077814,10382.0,330.1039885911568,8868.5,368.6735532340667,9875.0,384.54970378035586,12538.0,469.09692838742234,8573.0,330.42338748530574,7813.0,496.84116025095517,5015.5,244.1403847228322,8807.0,480.0438936933128,4584.5,300.69609853055334,2461261.7401475282,0.9683203647953657,0.998445194343435,True,-1.4212193302810192,0.9589295257676744,0.9841388649511638
7,CoRoT-2260809053915.fits,61261.23634722222,100.0,2.858266830444336,-5.520493116546483,21.185352046505102,10,1841.0,86.93901371562006,12736.5,601.4659142797365,15381.0,575.4649749184035,9614.5,399.6856151061548,10850.5,517.5004808623117,13410.0,506.6169142537599,9462.5,465.4820862163858,8537.0,537.5327612458797,5690.0,268.7034155577828,9398.0,410.9414961995333,5076.5,329.4795900828652,2461261.742147458,1.0584654406222478,1.030702487859793,True,-1.3732210211455822,0.9901288856633326,0.9762082982765259
8,CoRoT-2260809054215.fits,61261.23834722222,100.0,2.765594244003296,-2.5073066694745876,20.22546294822088,10,1557.5,99.043914897077,10928.0,516.06167402732,13557.0,512.1704330006132,7926.0,494.2391469132117,9792.0,462.415438513499,12066.0,455.8418857111012,8476.0,416.95388774320594,7669.5,365.7868243835307,4994.0,235.83565154579392,8416.5,414.0269462235362,4606.5,295.90873176466056,2461261.744147387,0.9489531342269939,0.9726117441139996,True,-1.325222723186016,0.9345313678738864,0.968277733448432
9,CoRoT-2260809054516.fits,61261.24034722222,100.0,2.7591123580932617,1.6589480748260108,20.772640562763073,10,1420.25,76.65097181942075,9955.5,372.4752329367509,10110.0,378.2556983567427,7661.0,361.7815231262169,8649.0,412.5028025416464,10967.0,517.9034021831642,7566.5,240.58291559188865,6868.5,324.3566625234853,4446.5,282.7600433963743,7651.5,364.9283378017583,4109.5,194.0662014472247,2461261.7461473164,0.8459981499179949,0.9948362531421744,True,-1.277224414050579,0.9560970229043325,0.9681625589551084
10,CoRoT-2260809054815.fits,61261.24234722222,100.0,2.8441860675811768,6.44957529807526,19.47423002252998,9,1798.0,114.337694372356,12410.0,473.5030435464754,14513.5,553.7620002023989,9269.0,442.07289591380743,10465.5,499.1384067521795,13052.0,493.09201825802194,9116.5,351.37114335819314,8273.0,520.909984044414,5458.5,257.77110611988707,9172.5,441.9118922356478,4879.5,230.4285265754308,2461261.7481472455,1.025777535770537,1.0387061953751209,True,-1.229226116091013,0.9984793667543912,0.9681625589551084
11,CoRoT-2260809055115.fits,61261.24434722222,100.0,2.722182273864746,4.404513337245589,20.104813857322313,9,1572.0,84.84092779449351,10884.5,415.29765330230555,12264.5,389.9595808202892,7842.5,489.03236306672505,9606.5,458.16951932204023,11974.0,461.5058487984429,8189.5,394.5530053381126,7388.5,465.21738391298845,4890.0,310.9629173975644,8341.0,401.8519589138772,4476.0,293.5796132670426,2461261.750147175,0.9210436306040093,1.0114130586242183,True,-1.181227806955576,0.9724582401194661,0.9681625589551084
12,CoRoT-2260809055417.fits,61261.24634722222,100.0,2.848874568939209,3.7571103434406723,18.31766884724584,9,1797.5,84.06461644365046,12087.0,582.3264149852575,13618.75,477.1803132790588,9082.5,433.17802105266543,10290.5,495.77479717099305,12881.0,481.9299357599607,9045.0,348.61536682661733,8225.5,384.6862322988856,5337.0,342.8340174596751,9121.0,344.58261557856406,4919.5,306.7637500933062,2461261.752147104,1.0138201144744095,1.050664876320199,True,-1.1332295089960098,1.0104217138548068,0.9681625589551084
13,CoRoT-2260809055716.fits,61261.24834722222,100.0,2.2469406127929688,3.227345177369557,18.3506464246326,9,468.0,29.467650493507286,3381.0,212.88488529604302,4078.5,196.49361160894952,2611.5,164.4332676576801,2904.5,186.57699151426388,3580.5,341.5345784484599,2658.0,128.0568884777707,2374.0,149.4790646828767,1564.0,98.47736190565256,2588.5,164.60685310502976,1369.0,87.05689855158808,2461261.754147033,0.2895170196946516,0.9579172016409667,False,-1.0852312110364437,0.9214303276542118,0.9681625589551084
14,CoRoT-2260809060015.fits,61261.25034722222,100.0,2.8597772121429443,0.7557326812089684,16.59160301209137,4,614.0,23.19633000386343,4368.0,117.87060197402916,7957.0,248.08610219457643,2400.25,54.41836791373774,4231.0,79.92155720386496,5040.0,137.35785308358672,3245.0,95.240648131675,2520.0,96.15049715851072,1677.0,58.16896960130681,3767.5,65.34036761267842,1886.0,44.97515814507718,2461261.7561469623,0.37608858352016816,0.9674631663801619,True,-1.0372329130768776,0.9308186250924084,0.9681625589551084
15,CoRoT-2260809060316.fits,61261.252347222224,100.0,2.8879470825195312,1.0719745704039383,9.807193544803994,10,1859.5,89.5868262319092,12831.5,611.981698556265,15253.5,480.2188106866596,9674.0,466.07311479832725,10894.0,519.5751567682618,13588.5,427.80039394340145,9629.5,360.27826383049,8660.5,556.3264021378145,5679.5,270.87636339869124,9661.5,361.47551233171805,5144.0,245.33638759096186,2461261.7581468914,1.0671584359254391,1.0325795016279251,True,-0.9892346151173115,0.9936884477231749,0.9681625589551084
16,CoRoT-2260809060615.fits,61261.254347222224,100.0,2.899186134338379,0.3501251656807298,13.600384873997541,10,1799.5,84.97922606260636,12586.5,475.5058755596532,14914.0,474.20255113162324,9543.0,455.14096943634314,10748.5,502.6806841972612,13311.0,513.0369428224548,9384.0,354.5185028603492,8354.5,536.6698142902109,5663.5,353.1571295158938,9455.0,446.50101829505036,5070.0,322.40940515452996,2461261.7601468205,1.052589553128721,1.0130922990834246,True,-0.9412363171577454,0.9751510510898185,0.9681625589551084
17,CoRoT-2260809060916.fits,61261.256347222225,100.0,2.8538546562194824,0.3987141479114982,13.125058490880235,10,1842.5,87.00984941392176,12715.0,606.425382624238,14320.0,455.3158463326301,9734.0,455.2350355841411,10897.0,686.1303150165575,13374.5,520.8263304516829,9606.5,462.8211057794223,8687.0,410.23314076457984,5804.5,365.48072070419454,9381.0,461.472914218855,5127.5,332.78963816603783,2461261.7621467495,1.0663241229581422,1.0239399337819461,True,-0.8932380191981792,0.985810679802633,0.9681625589551084
18,CoRoT-2260809061215.fits,61261.25934722222,100.0,2.8756487369537354,3.5760609513212884,11.653534383299643,10,1807.0,84.50890787965307,12747.5,596.1689558361248,12398.0,386.5491384954579,9528.5,612.0843049212131,10753.5,512.8741920605381,13371.75,459.2471509167321,9402.5,444.02176885449086,8484.5,534.2270953251337,5579.0,354.77752886728257,9340.0,445.45914854190977,5107.5,241.19555271728922,2461261.765146643,1.0514329347438687,1.0184337768301577,True,-0.8212405778467655,0.9808353518284653,0.9681625589551084
19,CoRoT-2260809061515.fits,61261.26134722222,100.0,2.852339506149292,-2.4841132249182607,10.132097554644922,10,1826.0,85.39749075165827,12509.0,596.6004806328425,14421.5,550.2517439569295,9495.5,394.738650812886,10591.0,680.3363460587257,13163.0,621.6068644968533,9313.0,358.94471102888747,8532.0,532.0273027332227,5567.0,357.60857695297193,9305.5,452.9654770288735,4963.5,325.55460465839275,2461261.767146572,1.0427473510071357,1.0377145269455297,True,-0.7732422798871994,0.9996257264269732,0.9681625589551084
20,CoRoT-2260809061815.fits,61261.26334722222,100.0,2.8665504455566406,2.5561517247370915,10.024069150628804,9,1826.0,86.23065673260307,12704.5,489.66102021545163,14527.0,548.8161009220261,9699.5,453.62155615865794,10828.0,511.33929414053995,13343.5,514.2895685186256,9546.0,364.2272404266442,8567.0,539.4217132005917,5669.0,273.12057967662986,9615.5,454.08043801333224,5114.5,335.45865327396996,2461261.7691465006,1.0614915427526377,1.0193901981244826,True,-0.7252439931035042,0.9821915984273868,0.9681625589551084
21,CoRoT-2260809062115.fits,61261.26534722222,100.0,2.859513998031616,0.16363767821536612,10.374097321645081,9,1819.5,85.09350187439334,12494.0,595.8850751480321,14984.5,481.2812754941448,9592.5,452.9942906393729,10683.0,509.5117862819295,13214.0,504.1796307351431,9370.5,354.008485832577,8450.75,638.5224292512993,5622.0,265.4921972347724,9378.5,442.88839768166366,5034.0,320.12010760313683,2461261.7711464297,1.0488854163672863,1.0279695049594084,True,-0.6772456951439381,0.9906773816785949,0.9681625589551084
22,CoRoT-2260809062415.fits,61261.26734722222,100.0,2.8840723037719727,-3.6198714609032194,8.438291910771,10,1778.5,84.82324364901355,12554.0,532.2192862997987,13741.0,524.2872942282127,9497.0,452.9470592829247,10663.0,503.5473673273529,13100.0,624.7874567343702,9282.0,354.1543312005145,8402.5,529.0639599822542,5570.5,263.06017159308067,9194.5,354.3774450290031,4981.5,235.2453540599464,2461261.7731463583,1.0407791023835542,1.0126317136001899,True,-0.6292474083602428,0.9761123707570074,0.9681625589551084
23,CoRoT-2260809062715.fits,61261.26934722222,100.0,2.858773708343506,-1.803126630308391,11.087215597292243,10,1824.0,87.87651037752212,12767.75,689.0761805649774,15324.0,441.02490463507,9664.0,460.9119070138133,10695.0,505.05852889112253,13232.5,618.8512028320472,9547.5,450.86921969032187,8466.0,403.7748556269602,5643.5,307.6107316973102,9364.5,353.78181159801153,5053.5,324.622766953807,2461261.775146287,1.0541580905376258,1.0253574853631586,True,-0.5812491215765476,0.9885983834301963,0.9681625589551084
24,CoRoT-2260809063016.fits,61261.271347222224,100.0,2.732823610305786,-1.2193354558301195,10.348675316860238,9,1556.5,97.05819230007747,10859.5,523.1880287525776,11291.0,362.6511983452493,8191.5,383.0961366331921,9314.0,448.72906669750057,11361.0,531.3257899395343,8279.0,390.9658308265174,7215.0,449.9035383521098,4957.0,315.2235545071016,8109.5,382.96139691842524,4357.0,271.68811040889017,2461261.777146216,0.9029381616197367,1.0215210848058245,True,-0.5332508236169815,0.9851179753551594,0.9681625589551084
25,CoRoT-2260809063316.fits,61261.273347222224,100.0,2.866050958633423,-4.518898076564994,13.06834303156316,10,1666.5,78.69846081318893,11837.5,564.5741617628327,13166.0,502.3481926940286,9152.0,570.6884522520456,10031.5,378.9804306738697,12279.0,585.6309298657505,8782.5,423.1225067930855,8016.0,504.7279622990479,5323.5,341.96681505463374,8681.0,334.5859590295042,4679.0,306.8943276310305,2461261.7791461446,0.9821291894553035,1.0055251041904798,True,-0.4852525368332863,0.9699071623185535,0.9681625589551084
26,CoRoT-2260809063615.fits,61261.275347222225,100.0,2.354924201965332,-1.54401507734255,10.544669014446185,9,810.0,51.00170277722415,4922.0,312.99784855435826,4656.0,222.06186248513188,3965.0,302.5688263757897,4429.0,276.1777922884954,5606.0,352.9821552705168,3246.5,156.40958933148332,2873.5,180.9301147288316,1922.5,122.25484840425717,3786.5,182.4256614827234,1988.5,187.80904809724117,2461261.7811460732,0.4096390857098279,1.171763185556988,True,-0.43725425004959106,1.1305075298765268,0.9681625589551084
27,CoRoT-2260809063915.fits,61261.277347222225,100.0,2.699824571609497,-2.656514004002233,10.413190573003646,9,1403.0,66.2549898115236,9792.5,467.04054733368855,11235.0,424.4475042237877,7500.5,467.7063741386001,8555.0,544.0261264491132,10666.0,503.68903872395634,7453.0,478.7599647980061,6719.5,419.0057970834376,4423.0,206.85273909889625,7396.5,356.3479216049026,4050.5,255.03999641869927,2461261.783146002,0.832677098390863,0.9984751700438149,True,-0.38925596326589584,0.9635344842492279,0.9681625589551084
28,CoRoT-2260809064216.fits,61261.279347222226,100.0,2.860827922821045,-4.492792602277973,8.392939376549549,10,1772.5,84.5370814550894,12547.5,598.4366880438557,13765.0,643.7549070079825,9360.5,446.4368693711506,10657.5,498.42483991555207,13065.0,493.58314576624707,9227.0,363.11784069906196,8323.5,453.6897183100135,5551.0,264.74772307881597,9123.5,444.1062306886172,4974.0,322.827042464724,2461261.7851459305,1.0340635990562728,1.015769601917116,True,-0.3412576764822006,0.980441327266133,0.9681625589551084
29,CoRoT-2260809064515.fits,61261.281347222226,100.0,2.7474145889282227,-4.260884970000824,9.691417903078758,10,1641.5,78.2892068877457,11397.0,549.0836561253396,11480.0,368.7216151805387,8283.5,532.1089720118454,10044.5,474.3394477276185,12497.0,590.1558144508983,8721.5,411.8623618255189,7716.0,490.6727751819237,5114.5,325.2392312944464,8781.5,410.6889731849327,4730.0,303.84202784040906,2461261.787145859,0.9607296189275881,1.0125020833921619,True,-0.2932593896985054,0.9775044620175802,0.9681625589551084
30,CoRoT-2260809064815.fits,61261.28434722222,100.0,2.8607635498046875,-3.6019231517418966,7.040745278874823,10,1693.0,81.56520398527684,11836.5,501.80130494564025,14874.0,567.5168629903526,9047.5,483.5761524491493,10106.0,385.5940175729799,12516.5,482.41506234221737,8836.0,337.1372194018257,7927.5,504.12239829635826,5161.5,248.6702896456033,8760.0,337.63080302942706,4766.0,234.45047534026895,2461261.7901457516,0.9864164398390544,1.017074755387241,True,-0.22126197069883347,0.982246243427234,0.9681625589551084
31,CoRoT-2260809065116.fits,61261.28634722222,100.0,2.8453850746154785,-1.2665630396082221,1.1334932449275357,10,1720.0,109.37754967767091,12397.0,585.4334345641183,12892.0,487.0473720029435,9377.0,584.718708125812,10373.5,510.2962664587243,13087.5,499.3530283976226,9334.75,352.6578851849579,8370.25,395.27500247320415,5546.0,363.76062001318553,9208.5,434.8603518741376,4962.75,382.5518876105683,2461261.79214568,1.0329714831520778,0.9867254574627984,True,-0.17326368391513824,0.9531479408823087,0.9681625589551084
32,CoRoT-2260809065416.fits,61261.288347222224,100.0,2.760687828063965,0.4450664117601164,6.737283831604486,9,1752.0,83.5593606258486,12409.5,663.2703248209691,14106.5,479.8007381412994,9357.0,446.2699414246948,10552.5,493.5142503597338,13056.0,457.4624080896845,9334.5,356.15746655798347,8311.0,533.8754954295222,5560.0,265.17696636970214,9120.5,443.9601991555361,4939.0,233.2383426080649,2461261.7941456083,1.0318563257147162,1.00616936326198,True,-0.12526540830731392,0.9721461731759953,0.9681625589551084
33,CoRoT-2260809065716.fits,61261.290347222224,100.0,2.6337943077087402,-3.9155585284889582,6.568206564478714,10,1313.0,62.004847913421585,9887.0,466.90169940594,12005.5,453.5562538458997,7107.5,466.1789770544025,7969.0,376.32645317749933,9813.0,374.4146145303435,7702.0,290.97415910383734,7039.0,438.9287604241859,4681.0,250.19286760038327,7016.5,334.6428389447869,3810.0,237.5789994624447,2461261.796145537,0.8043981365959557,0.9672748340351961,True,-0.0772671215236187,0.9347745768858972,0.9681625589551084
34,CoRoT-2260809070015.fits,61261.292347222225,100.0,2.8299543857574463,-1.6797657323056683,4.400539213091918,9,1735.0,81.93329103563325,12522.5,591.3600213220273,13729.0,518.6684277248225,9446.0,441.7659899453253,10422.5,497.08757769572316,12872.0,405.24315935088225,9457.0,364.494806421152,8455.0,532.3696259030003,5683.0,354.3730850249536,9196.0,350.8730047101844,4984.5,313.84936727539974,2461261.798145465,1.038716414560093,0.989825648017298,True,-0.029268845915794373,0.9567803560460915,0.9681625589551084
35,CoRoT-2260809070315.fits,61261.294347222225,100.0,2.8118300437927246,-5.236338093814972,2.309562667721039,10,1727.0,80.76750631331535,12406.0,683.0801928217664,12886.0,413.8803774578765,9446.5,450.5385274840632,10475.0,504.66362182266676,13192.5,493.5844016391027,9327.5,449.37946850128156,8434.5,394.4606438909429,5583.5,358.668491003578,9346.5,353.10178889431523,5079.0,316.7096425904873,2461261.8001453932,1.0415899451709798,0.9825434780281143,True,0.018729429692029953,0.9499524987043166,0.9681625589551084
36,CoRoT-2260809070616.fits,61261.296347222225,100.0,2.824225902557373,-3.663231397333554,5.316882430317719,9,1712.5,80.87075556110774,12286.0,585.9647857586621,12597.0,400.5316840958199,9244.0,587.8407379188313,10433.0,497.5883615350904,12797.5,604.3465660106723,9055.0,290.833991764789,8250.5,519.4932700783801,5465.5,260.669911815397,9013.5,354.7157968073041,4941.0,233.3327902058005,2461261.802145322,1.0180295443724077,0.996842204064348,True,0.06672771647572517,0.9639913023759304,0.9681625589551084
37,CoRoT-2260809070916.fits,61261.298347222226,100.0,2.846742630004883,-4.580949218912636,5.512228768032315,10,1682.0,79.43042969563984,12113.5,577.737622683343,12216.5,466.1200589432326,9114.0,573.8636038415073,10194.5,635.6953044671634,12521.0,477.73824401655264,8742.0,280.78086758782837,8050.0,506.8687745143882,5281.25,285.0293574520794,8588.5,371.61239166442596,4724.5,225.3288808657658,2461261.80414525,0.9911843775440534,1.0056057816512955,True,0.1147259920835495,0.9726824238484938,0.9681625589551084
38,CoRoT-2260809071215.fits,61261.300347222226,100.0,2.744689464569092,-2.0948723581778594,3.051123144173914,10,1703.0,81.22236937546812,12227.0,785.428430106698,11720.5,447.19519918504955,9190.0,438.30509369380627,10226.5,503.0649991748343,12810.0,488.76502722242947,9263.5,441.81058056937695,8231.5,528.7686368220565,5501.0,353.36892075054766,9043.5,431.31796679215853,4910.5,312.2665451698855,2461261.806145178,1.017331503793864,0.9919924640313416,True,0.16272426769137383,0.9597283173598337,0.9681625589551084
39,CoRoT-2260809071516.fits,61261.30234722223,100.0,2.826586961746216,2.4924629762723356,4.069016018031675,9,1702.0,80.37490567299584,12441.0,593.3573091017023,13821.5,527.3587684429983,9437.5,441.36846602890193,10603.0,500.7139393952849,13045.0,497.7314426320525,9308.0,448.43999922915344,8397.5,523.6403275553489,5594.0,269.50723632229096,9182.0,353.8956659150913,4991.0,327.35832212149455,2461261.8081451063,1.0385287205440006,0.9711744823621951,True,0.21072254329919815,0.939796557715162,0.9681625589551084
40,CoRoT-2260809071816.fits,61261.30434722222,100.0,2.7922511100769043,0.45403304069577644,2.389719408685494,9,1714.5,81.77084691382272,12331.5,659.1013345041928,12524.5,398.22648864476434,9173.5,437.5181476605149,10226.5,487.7396126942013,12881.0,486.6318025729069,8994.5,353.96807393169104,8206.5,516.7228072114691,5354.0,340.46941917107563,8981.5,432.70991115993144,4790.0,301.6026621023502,2461261.8101450345,1.006644362996286,1.0092938850577446,True,0.2587208189070225,0.9769017817456465,0.9681625589551084
41,CoRoT-2260809072115.fits,61261.30634722222,100.0,2.835508346557617,-1.6197432486692946,4.812955449124644,10,1736.0,85.39782316212901,12431.5,465.11233571927266,14011.0,524.2077734595769,9284.5,584.5991474507872,10439.5,557.9765950254649,13155.0,517.699706773183,9309.5,351.70396444782835,8244.5,540.7544954379207,5438.5,345.84290925698446,9069.5,424.1580188237485,4906.5,308.9380921931485,2461261.812144962,1.0232019704539916,1.005413173983912,True,0.3067190833389759,0.9733623087958152,0.9681625589551084
42,CoRoT-2260809072417.fits,61261.309347222224,100.0,2.731893539428711,0.40108685739059524,2.0200956248226234,10,1730.5,83.37187566244629,12402.5,591.5211016906891,14571.25,611.6531371132736,9398.5,439.54453276531234,10508.0,668.2205186121895,13015.0,501.62841340502206,9375.5,357.72181988476876,8429.0,536.0135850192373,5619.0,357.32119281327493,9117.0,439.23801815343705,4947.5,243.37887678262285,2461261.8151448546,1.0351879446844616,0.9906234773571104,True,0.37871650233864784,0.9593645165950739,0.9681625589551084
43,CoRoT-2260809072715.fits,61261.311347222225,100.0,2.7380857467651367,-0.3400361641286125,-0.06425793951251535,10,1688.0,79.71377248884664,12157.5,579.8361454387867,12000.0,572.3243878482781,9077.5,577.2527367436383,10317.5,487.231544818528,12884.0,496.5793682912259,9109.0,344.12926710943316,8218.0,388.08517909558157,5354.5,347.5225972813359,9020.0,337.4744212836616,4813.5,309.2058353086277,2461261.8171447823,1.0075705028289268,0.9927804490978974,True,0.4267147667706013,0.9616676324346436,0.9681625589551084
44,CoRoT-2260809073016.fits,61261.313347222225,100.0,2.741102933883667,0.3769306495661624,2.5590574854483066,10,1692.0,63.92213414745427,12282.0,580.0026976943213,13831.5,527.7403180348972,9152.5,432.2158191375408,10525.5,492.25152733109485,12890.5,414.02491119205,9318.5,352.0439757996765,8328.0,524.3730626280527,5559.5,346.67203346757515,9009.0,343.73802734167583,4944.0,269.4830260497035,2461261.8191447104,1.0284151508024162,0.9749629474870538,True,0.4747130423784256,0.9446189711703831,0.9681625589551084
45,CoRoT-2260809073316.fits,61261.315347222226,100.0,2.738421678543091,3.139608980038787,-1.4975258333971055,10,1697.5,107.94673870805022,12189.5,767.5126617320664,13318.5,503.1601321766369,9236.5,444.9952785646837,10370.5,494.60750534838064,12897.5,492.10358615154445,9141.5,387.548399371484,8338.0,525.0027132796234,5522.0,344.33365748861405,9069.5,339.3264150589988,4942.0,308.16677568068286,2461261.821144638,1.0220554602126009,0.9842185332258586,True,0.522711306810379,0.9537990423566564,0.9681625589551084
46,CoRoT-2260809073616.fits,61261.317347222226,100.0,2.852088212966919,3.3434501975600597,4.8649253499033875,9,1468.0,72.21428825000311,10302.5,321.2149136432856,13418.0,502.0212621711942,7980.0,373.20480624218675,8531.0,268.5774854274687,10662.5,419.61027164341044,7522.0,239.16800252193042,6534.5,321.44704807196547,4375.5,278.24503989223786,7755.5,292.9953376953792,4074.0,192.3897565874178,2461261.8231445663,0.8457563816072946,1.0285774306221598,True,0.5707095824182034,0.997009155802895,0.9681625589551084
47,CoRoT-2260809073916.fits,61261.31934722223,100.0,2.775853157043457,3.8912496224381954,4.605988718625554,9,1683.5,107.0564563269529,11957.5,564.6785749617202,12019.5,454.08516039321904,8973.0,576.4005318841417,10197.5,385.2517511635136,12296.0,469.1533781988285,8932.0,337.4423771897527,8036.5,516.2423798603484,5438.0,259.35833509324465,8882.0,332.3112871221156,4866.0,227.57075027249132,2461261.825144494,0.9930743178904393,1.0045870803998507,True,0.6187078468501568,0.9739722394479672,0.9681625589551084
48,CoRoT-2260809074215.fits,61261.32134722223,100.0,2.7527129650115967,4.25704163235433,5.369773047885815,10,1682.0,81.87501288083018,12351.0,583.2611398161996,13331.5,462.42076221814057,9294.5,434.68071072907327,10474.0,499.54380319357205,12992.0,450.64475435908054,9349.5,396.36643438425745,8416.5,397.4591031708399,5638.5,301.3698961685027,9076.0,432.86801200924765,4912.0,309.28440005151236,2461261.8271444216,1.0303674098829299,0.9673643898092528,True,0.6667061112821102,0.9380931010429221,0.9681625589551084
49,CoRoT-2260809074515.fits,61261.32334722222,100.0,2.7584526538848877,3.145131481930065,7.39901905662046,10,1573.5,74.30664751848353,11709.0,558.4455214429573,11530.5,444.41232583685036,8790.0,415.09719204796323,9898.5,472.09607942634835,11880.5,566.624990819289,8684.0,328.07317549438113,7695.0,489.3373516102777,5237.0,244.92150003638247,8544.5,322.8029995407346,4716.5,222.73104735997939,2461261.8291443493,0.965018199440725,0.9662454500701038,True,0.7147043757140636,0.93721705919318,0.9681625589551084
50,CoRoT-2260809074817.fits,61261.32534722222,100.0,2.7750558853149414,6.595848679522327,4.219087104970612,10,1605.5,76.57223372420087,11710.5,553.0142966413736,11889.75,408.3484818824922,8826.5,550.3913487546636,9630.5,463.97737565281074,12166.0,580.2415418801792,8677.5,337.91696754977596,7784.5,367.6136622863902,5087.0,245.08103524695997,8729.0,373.817767585473,4592.0,294.977292144431,2461261.831144277,0.9625384915993498,0.9884356996742572,True,0.7627026401460171,0.9589545953413549,0.9681625589551084
51,CoRoT-2260809075115.fits,61261.32734722222,100.0,2.7344284057617188,8.677474908768318,6.3447382132517305,9,1664.0,77.82115257982441,12092.0,461.3697665240919,12878.5,409.4822016057805,9117.0,434.82345366772927,10299.0,491.1974058707846,12591.5,396.4123089626036,9129.0,586.4215374535083,8308.5,518.0905818986146,5368.25,295.5783689436924,9055.5,427.6351106473642,4880.0,307.26951796648626,2461261.8331442047,1.0079307910949797,0.9783152601210235,True,0.8107009045779705,0.949347848538896,0.9681625589551084
52,CoRoT-2260809075415.fits,61261.32934722222,100.0,2.716904878616333,6.239182864456026,1.0102191970087944,10,1642.5,79.9522643619284,11866.5,443.9734168694646,12694.5,474.95222183874085,9008.5,429.64868732760107,9951.5,379.69907637814265,12338.0,475.53525659555606,8950.0,418.5693002340315,7865.5,378.9433620473685,5306.0,250.56947679254756,8632.0,326.10866546148065,4726.0,303.5850789796561,2461261.8351441324,0.982119860765313,0.9910535080462249,True,0.8586991690099239,0.9619236179021198,0.9681625589551084
53,CoRoT-2260809075716.fits,61261.33134722222,100.0,2.717926025390625,10.539428989456269,5.032794209352744,9,1687.0,79.66654868997884,12202.5,775.9764825242903,13339.5,636.210097641842,9036.0,563.4550758904594,10179.5,480.71466057477153,12554.5,483.8796708485094,9240.0,445.16390125455285,8135.0,512.2208050527388,5394.5,346.5276573329993,8843.5,337.4233815957498,4876.75,274.1697393718978,2461261.83714406,1.0077703440811747,0.9919955568995973,True,0.9066974334418774,0.9630529717069991,0.9681625589551084
54,CoRoT-2260809080015.fits,61261.334347222226,100.0,2.720944404602051,10.893592618559495,0.2073519594562896,10,1684.0,79.52487729337544,11988.5,589.7418219926174,12502.0,492.0016521534272,9000.0,429.2432908862085,10059.0,494.8252898547556,12672.0,526.7893405403498,9236.5,352.4182805573747,8150.5,508.238224440592,5439.5,345.90650085563425,9024.0,426.1475609830285,4856.0,308.8008030434709,2461261.8401439516,1.0066206250105394,0.9913624866522852,True,0.9786948300898075,0.9627608378411889,0.9681625589551084
55,CoRoT-2260809080316.fits,61261.336347222226,100.0,2.6973793506622314,6.931288118601884,1.0571057340373216,10,1665.0,78.62762511488724,12087.0,582.3264149852575,10680.5,343.0427884090369,9032.5,430.79333610329763,10120.0,394.09043060832414,12588.0,480.294626282275,9050.5,431.65182268507004,7998.5,508.6374018004947,5334.5,346.22453920950346,8922.5,378.2640259686119,4804.5,305.5258357130058,2461261.8421438793,0.9955400319623404,0.9910868824850939,True,1.026693094521761,0.9627082225942228,0.9681625589551084
56,CoRoT-2260809080616.fits,61261.33834722223,100.0,2.7544078826904297,12.610618115135338,3.0605005614507377,10,1732.5,81.81523153846375,12264.0,584.9155243809402,12469.0,480.5843017093523,9186.0,572.8085798063037,10255.5,489.1227299648346,12808.0,483.8739327190274,9212.5,348.039397655687,8243.0,389.2657740672766,5453.5,357.69357036457035,9060.0,338.9709819101967,4911.5,322.14393890998207,2461261.8441438065,1.017626253673542,1.0088838244497815,True,1.0746913477778435,0.980214565827661,0.9681625589551084
57,CoRoT-2260809080916.fits,61261.34034722222,100.0,2.7524495124816895,12.221088399270755,9.007910428904978,10,1677.5,81.65596558120846,12281.0,574.351907952418,14063.0,526.1533022740724,9089.0,495.41489153838086,10262.5,489.4565858577461,12783.5,487.75392080389753,9191.0,429.8402724526239,8082.5,519.1972917590077,5522.5,351.1846035435684,8955.0,418.80313783192764,4837.0,310.7154098655515,2461261.846143734,1.0125371274136812,0.9817655542303252,True,1.122689612209797,0.9540801158206198,0.9681625589551084
58,CoRoT-2260809081215.fits,61261.34234722222,100.0,2.7215042114257812,15.590961356037695,7.477850880166443,9,1649.25,69.230089140195,11945.0,569.7012344039734,11744.0,448.09184072601187,9090.0,433.5357237950706,10008.0,477.3185394654639,12500.25,437.9897722673927,8940.5,341.1244126371687,8098.0,386.22357439961297,5316.0,338.0529384223829,8867.0,418.7334245607839,4786.5,301.38228437430047,2461261.8481436614,0.9918480370022387,0.9853660005087327,True,1.1706878654658794,0.9577931138377108,0.9681625589551084
59,CoRoT-2260809081515.fits,61261.34434722222,100.0,2.723454475402832,13.280833664633306,7.247239928057525,10,1740.5,83.010883087494,12061.5,767.0100671146673,12340.0,475.612341253782,9152.5,440.9483340078241,10249.0,483.9967145960837,12770.0,482.4383292334462,9108.0,351.04353356073307,8186.5,390.44446675999404,5473.5,348.06861520972774,8882.5,342.3522383457632,4895.5,308.2454764764208,2461261.850143589,1.0080600310776386,1.0231607003650465,True,1.2186861298978329,0.9947526218879099,0.9737615280368066
60,CoRoT-2260809081815.fits,61261.34634722222,100.0,2.73189640045166,13.309901924923196,3.7073187149886095,10,1677.0,80.79435740301787,12034.5,562.82371437614,13261.5,501.0067269482653,9047.0,435.86556435605405,10285.0,641.3385851630561,12461.5,480.2952342410052,9024.0,430.3879396619051,8058.0,517.6234799868956,5362.0,334.35658664504683,8779.0,334.96238672800223,4860.0,231.7913770785526,2461261.8521435163,0.9986599338595811,0.9951112927271099,True,1.2666843831539154,0.9676984004207079,0.9816920854787244
61,CoRoT-2260809082115.fits,61261.34834722222,100.0,2.7180867195129395,16.200309191498377,4.0607270378979194,9,1684.75,92.76312710434233,11908.0,742.5434975324912,13008.5,486.7002227570413,8869.0,563.9938884251532,10154.0,479.51045370364267,12476.0,471.33129173973964,9014.0,374.72215243297927,7939.5,504.88549748015595,5324.5,259.18163263019045,8851.0,334.38227502311923,4739.0,307.574860120693,2461261.854143444,0.9934334270379062,1.0049695764186077,True,1.3146826475858688,0.9775037477665696,0.9896226447671864
62,CoRoT-2260809082416.fits,61261.35034722222,100.0,2.7238516807556152,16.95528532964073,5.400584506806126,9,1707.5,79.85553968152054,11818.0,581.354535789194,12250.5,602.6302031380538,8854.0,563.040014445406,10045.25,421.6665471793506,12394.0,463.709310131896,8960.0,423.1252378554893,7926.5,494.2703252595979,5197.0,327.22944362127646,8766.0,418.0829653231671,4717.0,220.60238985518734,2461261.856143371,0.9804824071449674,1.031993888394416,True,1.3626809008419514,1.0040141000602019,0.9975532022091043
63,CoRoT-2260809082715.fits,61261.35234722222,100.0,2.7139220237731934,18.366422535649896,2.2856393692179537,10,1740.5,82.19302192940614,12014.0,572.992099634101,13148.0,501.6614034286107,8900.0,424.47392098747287,10158.0,484.47259431356736,12518.0,472.91801138169774,8994.0,353.94839701391174,8163.5,514.0153094097152,5342.0,254.77973999045844,8635.5,339.8400469661591,4800.5,302.26379528649943,2461261.8581432984,0.995640664252281,1.0359233450775003,True,1.410679154098034,1.0080625911216836,1.0
64,CoRoT-2260809083016.fits,61261.35434722222,100.0,2.7140679359436035,20.03334722309468,6.473543535173945,9,1691.0,80.65004498761985,11840.0,570.4264708716348,12731.0,490.6823919369448,8764.5,568.8414985287643,10053.5,639.3181370258515,12458.5,466.12251414218383,8946.5,379.28149154700884,8007.5,509.2097261883429,5356.0,252.93066673593756,8732.5,560.9514816313683,4824.5,300.8398642799382,2461261.8601432256,0.9906453415872656,1.0115366539436776,True,1.4586774073541164,0.9845521301847892,1.0
65,CoRoT-2260809083315.fits,61261.35634722222,100.0,2.772298574447632,18.389178010206834,10.43573399478538,10,1679.5,80.10156744926525,11429.0,545.0912857264975,10936.5,417.28171118017957,8622.0,548.2867635586504,9624.5,454.50545220314245,11789.5,408.9344466992288,8445.0,406.8624616985605,7656.5,361.5690160313118,5102.5,321.2792449639336,8143.0,313.85018596673797,4492.0,282.8390726855443,2461261.862143153,0.9408815324443531,1.0577944458890973,True,1.506675660610199,1.029806453921542,1.0
66,CoRoT-2260809083617.fits,61261.35934722222,100.0,2.735203266143799,21.652703210410408,8.420789146214304,9,1676.5,78.40574657456467,11815.0,557.9491836230587,12434.5,469.7634616173287,8790.5,564.6772401122867,9796.0,462.6043337089702,12132.0,462.8959648916873,8876.5,338.68249524901603,7857.0,489.9365351119233,5171.5,244.21787584482843,8542.0,403.38568992874883,4651.0,292.85051804551796,2461261.865143044,0.966992487800975,1.0273931742124955,True,1.5786730460822582,1.0005456233686194,1.0
67,CoRoT-2260809083916.fits,61261.36134722222,100.0,2.7530384063720703,24.583922985768695,10.404431014167898,9,1653.0,77.30670986445297,11452.0,540.8069446340472,10984.5,381.01195383754003,8663.5,550.9258149026174,9657.5,451.65732033633066,12001.0,457.89766523781236,8615.0,415.05270663506195,7656.5,361.5690160313118,5047.0,317.7846838477164,8455.5,362.1051820161493,4550.5,214.89189674792453,2461261.8671429707,0.9485980799452736,1.0326349760396605,True,1.6266712881624699,1.0058757565956822,1.0
68,CoRoT-2260809084216.fits,61261.36334722222,100.0,2.754601001739502,26.252102703637547,5.486642563088111,10,1586.0,99.86259333910803,11442.5,432.2866548358425,11020.5,416.3439003380732,8591.5,540.9643572969399,9606.5,449.27217683779037,11494.5,438.57217840813547,8319.0,259.37266358636185,7343.0,466.9531088855451,5028.5,235.17047220411482,7965.0,376.1375579820281,4472.5,284.4134249612693,2461261.869142898,0.9233216295906661,1.0179029947219085,True,1.6746695414185524,0.9917477268922719,1.0
69,CoRoT-2260809084516.fits,61261.36534722222,100.0,2.7421040534973145,27.912170850684234,5.168754871840633,9,1679.5,71.20139328823578,11588.5,760.0865389510999,11197.5,436.0501577803073,8695.5,410.6345430549561,9819.5,644.0583137792057,12251.5,462.84989746308275,8992.0,428.8617412943097,7785.0,490.1830322477654,5196.5,330.45374238373074,8541.0,403.338466129881,4694.5,295.58949837985034,2461261.871142825,0.9638639426632083,1.03257235301209,True,1.722667794674635,1.006265649515809,1.0
70,CoRoT-2260809084815.fits,61261.36734722222,100.0,2.7443573474884033,26.901888520272237,10.566448588457924,10,1675.5,105.4979666706655,11593.5,558.5506157137075,12271.0,463.5865887254204,8710.0,565.3042902830209,9795.0,467.15978158115695,12153.5,454.71123936485384,8716.0,329.28210474539685,7789.0,490.4348925083937,5202.5,248.1264689817222,8668.0,324.3046877701529,4717.5,294.1676981533026,2461261.8731427523,0.964948014495868,1.028955833861805,True,1.7706660479307175,1.0029660759948549,1.0
71,CoRoT-2260809085116.fits,61261.36934722222,100.0,2.798598527908325,29.52615118393885,11.191573580722292,9,1642.0,76.79226714908154,11746.5,746.9787135399775,12404.5,473.29319127093106,8608.5,402.5981922977274,9872.0,475.612341253782,12178.0,460.0731380896561,8609.5,423.5210590520448,7706.5,367.5514912460629,5124.5,279.32155481223816,8311.5,408.86175530647193,4688.0,304.2648120375203,2461261.875142679,0.9626564972520757,1.0107832231066771,True,1.818664290010929,0.9854734126322572,1.0
72,CoRoT-2260809085417.fits,61261.37134722222,100.0,2.731874942779541,28.212424169530962,8.370163512072331,10,1640.0,77.44703014319224,11839.5,559.1061666953198,12524.5,477.87178637371727,8827.0,416.84447260607186,9747.0,469.5901023298838,12183.0,464.84186781037147,8787.0,331.96441652108786,7699.0,484.7680366442577,5199.5,324.22362406954886,8394.0,400.3409092998705,4599.0,292.4577621904701,2461261.8771426063,0.9701068823427619,1.0017987394387677,True,1.8666625432670116,0.9769329697761637,1.0
73,CoRoT-2260809085715.fits,61261.37334722222,100.0,2.7231340408325195,30.587471290642355,6.161325556691395,9,1646.0,78.50382853318881,11375.0,537.1707121212266,11530.0,439.92667945937643,8575.5,401.0548641516131,9633.0,464.09782043128865,11987.5,452.8762311422033,8637.5,416.13670964136367,7575.5,412.91841906139337,4964.0,318.8735361944589,8387.5,404.0922317935673,4480.5,220.40607527529897,2461261.879142533,0.9431932617959335,1.0341543423986457,True,1.9146607853472233,1.0087117183371217,1.0
74,CoRoT-2260809090016.fits,61261.37534722222,100.0,2.73078989982605,31.63295676756767,2.547217507904122,10,1648.5,104.8307503742096,11588.5,736.9312409533078,10734.5,409.5744094238227,8704.0,548.0479271271099,9701.0,462.67657387634546,11931.5,450.7606049529259,8808.0,415.94722042758366,7573.0,481.57917657500104,5108.5,238.9118737704525,8336.0,393.657587361982,4556.0,286.86883685559656,2461261.8811424603,0.9502808111067815,1.0280002263237509,True,1.9626590386033058,1.002934010575318,1.0
75,CoRoT-2260809090315.fits,61261.377347222224,100.0,2.7121405601501465,30.13013810755426,-0.14031068376657174,1,-66.0,-2.5437937214545876,52.0,3.306763129790051,-5.0,-0.31795799324904334,399.5,15.24290619635914,32.5,1.5500452170890864,-95.5,-3.067327025238802,14.0,0.8729936988121327,7.0,0.44966050631773014,-4.0,-0.2569488607529887,177.0,11.144816532800833,58.5,2.7900813907603554,2461261.883142387,0.0023685699413744194,-16.51254220021721,False,2.0106572806835175,-16.113524862704317,1.0
76,CoRoT-2260809090615.fits,61261.379347222224,100.0,2.713810443878174,27.256357919798432,-1.546087376855624,1,-0.5,-0.019077479594942603,38.5,2.424155008547074,-22.0,-1.3852314334554707,628.0,19.771030459318993,1411.5,44.437594734599934,-73.5,-3.505486875570703,-14.5,-0.684745083583102,14.5,0.9220781804222258,17.5,1.091242123515166,96.0,6.044646255078418,1.0,0.06359159864980868,2461261.8851423142,0.0024926631886554034,-0.11886736148100496,False,2.0586555339396,-0.11602103139250865,1.0
77,CoRoT-2260809090915.fits,61261.381347222225,100.0,2.7306511402130127,26.624268211004683,-2.052830328709618,0,62.0,2.9278755298036088,106.0,5.0555320926597895,80.0,5.037205212565349,608.0,28.712069711622487,212.0,8.009156287978904,-90.5,-4.360100980902276,-26.75,-1.4436989939584615,-19.0,-1.1963362379842701,-6.5,-0.42186887334553796,191.0,12.026327444999769,2.5,0.1605930379706179,2461261.887142241,0.0033825997540921134,10.861687285435849,False,2.1066537760198116,10.603980057428489,1.0
78,CoRoT-2260809091216.fits,61261.38434722222,100.0,2.722273111343384,27.481177327059527,-2.847017215475198,1,228.0,14.356034855811242,224.0,10.578130946387232,51.5,2.45622549784886,519.0,24.272342661615905,4165.5,162.21182694653896,-37.0,-2.3297074108114737,1.5,0.09635582278237075,-50.0,-3.1482532578533426,10.0,0.6359159864980867,46.5,3.0499222557903223,-12.0,-0.590307533378772,2461261.890142131,0.002944810096317667,45.88109477078355,False,2.178651139140129,44.80759997878114,1.0
79,CoRoT-2260809091515.fits,61261.38634722222,100.0,2.7320621013641357,28.338252736658347,-0.6496240649151446,1,211.5,9.987833460539731,92.5,4.368201395271513,30.5,1.920434487290539,642.5,27.238401421668048,4778.5,202.5816360987405,13.5,0.8500283796204026,7.0,0.4543203251413486,-48.0,-3.052396735190816,3.0,0.18889519547120057,76.0,3.69946550472241,-26.0,-1.6370916940837381,2461261.892142058,0.0017279037357578603,72.53490500636137,False,2.2266493812203407,70.85369767147705,1.0
80,CoRoT-2260809091815.fits,61261.38834722222,100.0,2.6990625858306885,27.676763697754566,-0.49622184164357463,1,106.5,6.640987780249438,128.5,6.00962626592995,-35.0,-2.2037772804973397,432.5,20.424293010323563,11628.0,549.11833323478,5.0,0.31795799324904334,21.0,1.309490548218199,-57.0,-3.5890087139528104,92.0,5.79278599445015,-37.0,-2.307197632574922,26.5,1.6851773642199297,2461261.8941419846,0.0039050568363717514,16.16138093645485,False,2.2746476233005524,15.790341587401478,1.0
81,CoRoT-2260809092116.fits,61261.39034722222,100.0,2.736055374145508,24.05713103141317,-1.4604226642535068,1,-64.0,-3.052396735190816,224.5,8.481394276656905,-4.5,-0.2890674683471122,-46.0,-1.8102764356949008,9531.25,367.3565743577885,-12.0,-0.4578595102786225,-41.0,-1.9554416584816166,0.5,0.0311783463861476,201.0,9.400271435423502,48.5,2.3131444008867903,22.0,1.3718472409904943,2461261.8961419114,0.002308057103159732,-16.43197036763315,False,2.322645865380764,-16.05832738645846,1.0
82,CoRoT-2260809092415.fits,61261.39234722222,100.0,2.7118752002716064,20.0640478517714,2.3126493124659646,2,-56.0,-2.6708471432919643,-58.0,-1.6303731874270848,110.5,4.34859882922362,57.0,3.624721123039094,828.5,26.083278241314943,73.5,2.7499301512582184,-29.0,-1.369490167166204,83.5,3.982423865444268,117.5,7.472012841352519,92.0,4.344589495837613,-41.0,-2.6072555446421557,2461261.898141838,0.007453571572636221,-4.452252837688666,False,2.3706441074609756,-4.351992244112246,1.0
83,CoRoT-2260809092715.fits,61261.39434722222,100.0,2.729633331298828,15.505727678360742,3.1286440277062866,3,-35.5,-1.6602469450623596,-40.0,-1.9077479594942601,13.5,0.6438649363293129,133.0,7.108662976041653,1.0,0.04282481012549811,-75.5,-2.376931209679274,450.5,21.70414908172901,357.5,16.882508095238553,-33.0,-1.2718968607272938,1165.0,56.708912013179045,-28.5,-1.8693071890327781,2461261.900141765,0.0005761869673844416,-36.51078248529834,False,2.4186423495411873,-35.69661905512798,1.0
84,CoRoT-2260809093016.fits,61261.396347222224,100.0,2.7266995906829834,14.333483176126961,0.21389890257643174,3,-31.0,-1.4639377649018044,-27.0,-1.2750425694306038,60.25,2.529096783808852,116.5,7.335430090798289,-43.0,-1.6244986810523248,-85.0,-2.293727373578864,413.0,20.103674387504675,340.0,18.532408749372813,-51.0,-1.9459029186841454,1183.5,58.219080479481384,-2.5,-0.15897899662452167,2461261.9021416917,0.0020938835821698205,-8.77334849310666,False,2.466640591621399,-8.579638652379021,1.0
85,CoRoT-2260809093315.fits,61261.398347222224,100.0,2.7387936115264893,13.977616962456768,0.7536852982132416,0,68.0,3.2112183230104097,-59.0,-1.9146356559528261,60.0,3.8542329112948295,-13.5,-0.6640959750511185,66.5,3.1716309826592073,295.5,18.791317401018464,454.5,14.170558432504084,207.0,7.820261092507703,61.75,2.592061848965919,424.0,19.82942830158987,-6.0,-0.37414015663377115,2461261.9041416184,0.009027529992389169,4.463712259086246,False,2.5146388337016106,4.366138441473195,1.0
86,CoRoT-2260809093615.fits,61261.400347222225,100.0,2.717400550842285,11.749846443005282,-1.3655920984194267,0,52.0,2.480072347342538,-90.5,-3.453023806684611,89.5,5.635373331557483,-41.0,-1.9957642854423527,29.5,1.3931020666001042,411.0,26.136147045071365,550.0,17.487689628697385,197.0,7.516526960407385,90.0,4.2501418981020125,265.5,12.537918599400937,23.5,1.4944025682705038,2461261.906141545,0.011899335303493845,2.5896248848258834,False,2.562637075781822,2.5335873804671265,1.0
