frame_index,file_name,background_rms,detected_sources,saturated_fraction_4095,usable_reference,reference_score
0,TRES-5260820082456.fits,2.0861387252807617,7,0.0,True,836.7266003040035
1,TRES-5260820082716.fits,2.0579352378845215,9,0.0,True,804.4755314364442
2,TRES-5260820083016.fits,2.0524444580078125,5,0.0,True,680.5124006572051
3,TRES-5260820083615.fits,2.0696933269500732,271,0.0,True,70690.52715984233
4,TRES-5260820083915.fits,2.0884835720062256,121,0.0,True,26228.322116137075
5,TRES-5260820084216.fits,2.090980291366577,130,0.0,True,31355.686297484197
6,TRES-5260820084515.fits,2.090165853500366,134,0.0,True,24602.826866980176
7,TRES-5260820084815.fits,2.07242751121521,286,0.0,True,63235.2274222363
8,TRES-5260820085115.fits,2.0960323810577393,241,0.0,True,67267.86598307414
9,TRES-5260820085416.fits,2.1006908416748047,301,0.0,True,69766.23411451405
10,TRES-5260820085716.fits,2.1536378860473633,255,0.0,True,55313.691778556255
11,TRES-5260820090015.fits,2.1340157985687256,241,0.0,True,54602.37330419896
12,TRES-5260820090315.fits,2.120513916015625,233,0.0,True,61515.08702597683
13,TRES-5260820090617.fits,2.1145951747894287,189,0.0,True,42961.20948692985
14,TRES-5260820090915.fits,2.170689105987549,162,0.0,True,38236.67765562857
15,TRES-5260820091215.fits,2.1824698448181152,228,0.0,True,56447.6514865399
16,TRES-5260820091515.fits,2.1757266521453857,178,0.0,True,45874.49781676041
17,TRES-5260820091815.fits,2.1362762451171875,208,0.0,True,49678.88556673785
18,TRES-5260820092116.fits,2.123136043548584,233,0.0,True,67588.53910903419
19,TRES-5260820092415.fits,2.1908252239227295,270,0.0,True,76468.13605199354
20,TRES-5260820092716.fits,2.1767091751098633,301,0.0,True,80071.69378451616
21,TRES-5260820093016.fits,2.17598032951355,262,0.0,True,69277.3939807311
22,TRES-5260820093315.fits,2.165607452392578,190,0.0,True,44035.538707876156
23,TRES-5260820093615.fits,2.1856298446655273,158,0.0,True,39880.6091459155
24,TRES-5260820093915.fits,2.1828181743621826,257,0.0,True,73309.03597973786
25,TRES-5260820094215.fits,2.176422119140625,188,0.0,True,44962.620693523284
26,TRES-5260820094516.fits,2.184356212615967,26,0.0,True,4119.867221634398
27,TRES-5260820094815.fits,2.18955135345459,12,0.0,True,1266.3415820560988
28,TRES-5260820095115.fits,2.2062923908233643,30,0.0,True,5781.097044790277
29,TRES-5260820095415.fits,2.2138218879699707,26,0.0,True,3585.4321808267177
30,TRES-5260820095715.fits,2.216829538345337,20,0.0,True,2820.9020546980946
31,TRES-5260820100015.fits,2.2377963066101074,18,0.0,True,2707.5726306355486
32,TRES-5260820100315.fits,2.246699333190918,7,0.0,True,647.5110149904386
33,TRES-5260820100616.fits,2.229556083679199,30,0.0,True,4829.23795489805
34,TRES-5260820100915.fits,2.1996066570281982,34,0.0,True,7577.484747099417
35,TRES-5260820101215.fits,2.21494197845459,22,0.0,True,3544.991079144125
36,TRES-5260820101515.fits,2.211690664291382,114,0.0,True,32273.09395879029
37,TRES-5260820101816.fits,2.2091152667999268,87,0.0,True,21603.004771252603
38,TRES-5260820102115.fits,2.2096774578094482,100,0.0,True,27332.98107834661
39,TRES-5260820102415.fits,2.2348146438598633,33,0.0,True,6441.190465196962
40,TRES-5260820102715.fits,2.2431223392486572,66,0.0,True,18540.72058855885
41,TRES-5260820103015.fits,2.2144551277160645,183,0.0,True,56933.11350332436
42,TRES-5260820103315.fits,2.2070465087890625,260,0.0,True,90536.46714278801
43,TRES-5260820103616.fits,2.250723361968994,41,0.0,True,8816.873993376
44,TRES-5260820103915.fits,2.221311092376709,212,0.0,True,78613.28339372926
45,TRES-5260820104215.fits,2.211237907409668,276,0.0,True,106376.65904873135
46,TRES-5260820104516.fits,2.241452217102051,363,6.153846153846154e-06,True,153726.85987219683
47,TRES-5260820104815.fits,2.2176871299743652,377,3.076923076923077e-06,True,140940.18136903393
48,TRES-5260820105115.fits,2.2136740684509277,70,0.0,True,22194.55442786087
49,TRES-5260820105415.fits,2.2281601428985596,124,0.0,True,44985.48691707878
50,TRES-5260820105715.fits,2.250382423400879,27,0.0,True,5102.202498032586
51,TRES-5260820110016.fits,2.234856367111206,77,0.0,True,23503.353547336385
52,TRES-5260820110315.fits,2.247082233428955,261,0.0,True,103514.3256833514
53,TRES-5260820110615.fits,2.248546838760376,308,0.0,True,142189.0046725251
54,TRES-5260820110916.fits,2.218308448791504,185,0.0,True,69140.69478196009
55,TRES-5260820111216.fits,2.2271978855133057,258,1.2307692307692308e-05,True,112348.06697007829
56,TRES-5260820111516.fits,2.2338671684265137,290,7.384615384615384e-05,True,171559.06236372032
57,TRES-5260820111815.fits,2.246398448944092,354,8.307692307692307e-05,True,206245.69540264897
58,TRES-5260820112115.fits,2.2702558040618896,375,0.00010153846153846155,True,227787.2847404203
59,TRES-5260820112416.fits,2.263545513153076,367,9.23076923076923e-05,True,228365.23208031012
60,TRES-5260820112716.fits,2.2530367374420166,274,6.153846153846154e-05,True,150078.31444262867
61,TRES-5260820113015.fits,2.2715537548065186,516,0.00016923076923076923,True,351875.5349441574
62,TRES-5260820113316.fits,2.3279852867126465,378,0.00010153846153846155,True,230985.5525473568
63,TRES-5260820113615.fits,2.2819080352783203,358,0.00010461538461538461,True,239524.10249277612
64,TRES-5260820113915.fits,2.3098559379577637,440,0.0001476923076923077,True,296045.5753494082
65,TRES-5260820114216.fits,2.3473548889160156,405,0.00012307692307692307,True,270393.3667649855
66,TRES-5260820114515.fits,2.394426107406616,382,0.00012,True,256755.88453632803
67,TRES-5260820114817.fits,2.454329013824463,309,8e-05,True,193703.25359925907
68,TRES-5260820115115.fits,2.6736338138580322,150,5.538461538461539e-05,True,97648.6782715906
69,TRES-5260820115415.fits,2.7533955574035645,331,0.00011692307692307692,True,204413.62090189804
70,TRES-5260820115716.fits,3.034515857696533,347,0.0001476923076923077,True,226617.55610298875
71,TRES-5260820120508.fits,4.845738887786865,218,0.00018153846153846155,True,159316.85704200773
72,TRES-5260820121301.fits,10.323465347290039,111,0.0009046153846153846,True,41166.11790737277
73,TRES-5260820122059.fits,1.0407366752624512,1,0.99884,False,0.0
